_id,source,google_id,source_id,is_chain,chain_brand,chain_hardening,google_name,source_name,google_street,source_street,google_postal_code,source_postal_code,google_phone,source_phone,google_website,source_website,score,dmin,dmax,label,block_source,fast_path,name_sim,geo_dist_m,geo_score,street_sim,phone_match,website_match,postal_code_match,cuisine_jaccard,human_label
ChIJHwv2UCvBhkcREFPevOoVxnE:842850,thefork,ChIJHwv2UCvBhkcREFPevOoVxnE,842850,True,old wild west,[],Old Wild West - Milano v.le Zara,Old Wild West - Milano v.le Zara,Viale Zara,V.le Zara,20159,20159,+390269004434,,oldwildwest.it/it/ristoranti/milano-v-le-zara?utm_campaign=Brand-Schede_Google&utm_content=paginaristorante&utm_medium=Organic&utm_source=Partoo,,0.9587574558457506,0.4,0.85,MATCH,geo,,1.0,2.526942776747231,0.9949461144465055,0.736842105263158,0.0,0.0,1.0,0.0,MATCH
ChIJnYRVdQDEhkcRlvoKpoz-Gq8:288809,thefork,ChIJnYRVdQDEhkcRlvoKpoz-Gq8,288809,True,rossopomodoro,[],Rossopomodoro,Rossopomodoro Molino delle Armi,Via Molino delle Armi,Via Molino delle Armi,20123,20123,+390289401333,,ristoranti.rossopomodoro.it/molinodellearmi-e3ea3902893f?utm_source=googleBusinessProfile&utm_medium=Yext&utm_campaign=107,,0.9828159092356529,0.4,0.85,MATCH,geo,,1.0,24.548701091924354,0.9509025978161513,1.0,0.0,0.0,1.0,0.0,MATCH
ChIJTa_ia6XGhkcRB-yRP1Ujy30:833503,thefork,ChIJTa_ia6XGhkcRB-yRP1Ujy30,833503,True,fratelli la bufala,[],Fratelli La Bufala,Fratelli La Bufala - Milano San Babila,Corso Vittorio Emanuele II,Corso Vittorio Emanuele II,20121,20122,+390276013151,,fratellilabufala.com,,0.9703869774705978,0.4,0.85,MATCH,geo,,1.0,42.304317899146085,0.9153913642017079,1.0,0.0,0.0,0.0,0.0,MATCH
ChIJrSTrksXBhkcRuPvaXsysBck:715993,thefork,ChIJrSTrksXBhkcRuPvaXsysBck,715993,True,signorvino,[],Signorvino Milano,Signorvino - Milano Pasubio,Viale Pasubio,Viale Pasubio,20154,20154,+390229061583,,signorvino.com/it/negozi/lombardia/milano/milano_viale_pasubio_2/B129.html?utm_medium=organic&utm_source=google&utm_campaign=local&utm_term=B129&y_source=1_Mjc5Mjg5NzAtNzE1LWxvY2F0aW9uLndlYnNpdGU%3D,,0.9996649026052168,0.4,0.85,MATCH,geo,,1.0,0.47871056397600803,0.999042578872048,1.0,0.0,0.0,1.0,0.0,MATCH
ChIJWbue5y7HhkcRPjJy3OWOtfI:832277,thefork,ChIJWbue5y7HhkcRPjJy3OWOtfI,832277,True,poke house,[],Poke House - Turati,Poke House - Turati,Via Filippo Turati,V. Filippo Turati,20121,20121,+390245496770,,poke-house.com/it-it/home,,0.975781457778149,0.4,0.85,MATCH,geo,,1.0,21.992875442980345,0.9560142491140393,0.9411764705882354,0.0,0.0,1.0,0.0,MATCH
ChIJ8yI-Xk3DhkcRHD9O9V9YOR0:839797,thefork,ChIJ8yI-Xk3DhkcRHD9O9V9YOR0,839797,True,i love poke,[],I Love Poke - Tortona,I Love Poke Milano Tortona,Via Tortona,Via Tortona,20144,20144,+390291949102,,ilovepoke.it,,0.9852388529408819,0.4,0.85,MATCH,geo,,1.0,21.087352941597292,0.9578252941168054,1.0,0.0,0.0,1.0,0.0,MATCH
ChIJxaKH9YLBhkcR0DBdC3MZJcA:847531,thefork,ChIJxaKH9YLBhkcR0DBdC3MZJcA,847531,True,kfc,[],Kfc,Romeo Milano,Via Paolo Sarpi,Via Pietro Moscati,20154,20154,+390250030994,,kfc.it,,0.3870818404110757,0.4,0.85,NON_MATCH,geo,,0.0,63.90905915300872,0.8721818816939826,0.5454545454545454,0.0,0.0,1.0,0.0,NON_MATCH
ChIJz139_q7GhkcR4wdAZVl5WrI:342841,thefork,ChIJz139_q7GhkcR4wdAZVl5WrI,342841,True,signorvino,[],Be Steak,Signorvino – Milano Duomo,Via Santa Radegonda,Piazza del Duomo,20121,20122,+39028852459,,be-steak.com,,0.39886400963421187,0.4,0.85,NON_MATCH,geo,,0.12903225806451615,95.82955832373948,0.8083408833525211,0.3428571428571429,0.0,0.0,0.0,0.0,NON_MATCH
ChIJZRvaSw3HhkcRHEkCs9NBNuE:662239,thefork,ChIJZRvaSw3HhkcRHEkCs9NBNuE,662239,True,kfc,[],Kfc,Ristorante Replay,Via Privata della Passarella,Piazzetta Pattari,20122,20121,+390250047089,,kfc.it,,0.3743053624760754,0.4,0.85,NON_MATCH,geo,,0.0,60.51614884370175,0.8789677023125965,0.4444444444444444,0.0,0.0,0.0,0.0,NON_MATCH
ChIJ30rN6UjFhkcRTI10LP1fp98:842627,thefork,ChIJ30rN6UjFhkcRTI10LP1fp98,842627,True,kfc,[],Kfc,Ristorante Sant'Eustorgio,Piazza Ventiquattro Maggio,Piazza Sant'Eustorgio,20136,20122,+390250042341,,kfc.it,,0.38640313897595163,0.4,0.85,NON_MATCH,geo,,0.0,66.53654918329097,0.866926901633418,0.5531914893617021,0.0,0.0,0.0,0.0,NON_MATCH
ChIJNQRART7HhkcRaTaZYpoWNVY:263615,thefork,ChIJNQRART7HhkcRaTaZYpoWNVY,263615,True,burgez,[],Burgez,Bracio Sicilian Bites - Porta Romana,Via Bergamo,Via Antonio Fogazzaro,20135,20135,+390209958957,,burgez.com,,0.38382770165456837,0.4,0.85,NON_MATCH,geo,,0.1,116.85328335061666,0.7662934332987666,0.4375,0.0,0.0,1.0,0.0,NON_MATCH
ChIJ1bLRIYPHhkcRP-TfSGHlN2w:853171,thefork,ChIJ1bLRIYPHhkcRP-TfSGHlN2w,853171,True,five guys,[],Five Guys,Black,Piazza Duca d'Aosta,Piazza Luigi di Savoia,20124,20124,+390267070051,,restaurants.fiveguys.it/milano-centrale-piazza-duca-d%E2%80%99aosta-1?y_source=1_OTc0OTU0MTgtNzE1LWxvY2F0aW9uLndlYnNpdGU%3D,,0.34992845124919103,0.4,0.85,NON_MATCH,geo,,0.0,115.08479089836823,0.7698304182032636,0.5365853658536586,0.0,0.0,1.0,0.0,NON_MATCH
ChIJqXR9QKzGhkcR8j34BN53pPA:857417,thefork,ChIJqXR9QKzGhkcR8j34BN53pPA,857417,True,kfc,[],Kfc,Inno Duomo Milano,Via Orefici,Via Giuseppe Mazzini,20123,20123,+390283623002,,kfc.it,,0.3433613199178068,0.4,0.85,NON_MATCH,geo,,0.0,106.25802223723451,0.787483955525531,0.4516129032258065,0.0,0.0,1.0,0.0,NON_MATCH
ChIJi_q8WQfEhkcRA1dYxFINVZY:850417,thefork,ChIJi_q8WQfEhkcRA1dYxFINVZY,850417,True,mcdonald s,[],McDonald's Milano XXIV Maggio,Be Bop,Piazza Sant'Eustorgio,V.le Col di Lana,20122,20136,+390249708326,,mcdonalds.it,,0.3724403745191805,0.4,0.85,NON_MATCH,geo,,0.11428571428571431,119.07304467475045,0.7618539106504991,0.32432432432432434,0.0,0.0,0.0,0.0,NON_MATCH
ChIJqXR9QKzGhkcR8j34BN53pPA:852642,thefork,ChIJqXR9QKzGhkcR8j34BN53pPA,852642,True,kfc,[],Kfc,The Dome Milano | Rooftop,Via Orefici,Via Giuseppe Mazzini,20123,20123,+390283623002,,kfc.it,,0.37907560563209247,0.4,0.85,NON_MATCH,geo,,0.07142857142857138,106.25802223723451,0.787483955525531,0.4516129032258065,0.0,0.0,1.0,0.0,NON_MATCH
ChIJqXR9QKzGhkcR8j34BN53pPA:853243,thefork,ChIJqXR9QKzGhkcR8j34BN53pPA,853243,True,kfc,[],Kfc,Spadari Restaurant,Via Orefici,Via Spadari,20123,20123,+390283623002,,kfc.it,,0.36590914731077223,0.4,0.85,NON_MATCH,geo,,0.0,94.15576358201362,0.8116884728359728,0.5454545454545454,0.0,0.0,1.0,0.0,NON_MATCH
ChIJz03C0zXHhkcRZ0I3s13JRp4:817213,thefork,ChIJz03C0zXHhkcRZ0I3s13JRp4,817213,True,alice pizza,[],Alice Pizza,SlowSud Duomo,Via Orefici,Via delle Asole,20123,20123,+390240703328,,alicepizza.it,,0.3647455132688495,0.4,0.85,NON_MATCH,geo,,0.08333333333333329,137.35988946940904,0.725280221061182,0.4615384615384615,0.0,0.0,1.0,0.0,NON_MATCH
ChIJQQE-9cTGhkcR0qNQDHD2G_E:727092,thefork,ChIJQQE-9cTGhkcR0qNQDHD2G_E,727092,True,rossopomodoro,[],Bar stella,Rossopomodoro Milano Centrale Nuovo,Via Vitruvio,Piazza Duca d'Aosta,20124,20125,+390283485561,,,,0.38186686199702663,0.4,0.85,NON_MATCH,geo,,0.1777777777777777,136.7595775874529,0.7264808448250942,0.2580645161290323,0.0,0.0,0.0,0.0,NON_MATCH
ChIJLa7hQ7_GhkcR8l62Wg9zwvE:53301,thefork,ChIJLa7hQ7_GhkcR8l62Wg9zwvE,53301,True,12oz,[],12oz,Igiban,Piazza Guglielmo Oberdan,Via Tadino,20129,20124,+39022046868,,12ozcj.com,,0.2946736732727694,0.4,0.85,NON_MATCH,geo,,0.0,142.06281969436304,0.7158743606112739,0.2941176470588235,0.0,0.0,0.0,0.0,NON_MATCH
ChIJj5Cdig3HhkcR6JNiD_A_x6U:263501,thefork,ChIJj5Cdig3HhkcR6JNiD_A_x6U,263501,True,kfc,[],Kfc,Il Melograno,Viale Abruzzi,Via Annibale Caretta,20131,20131,+390250020745,,kfc.it,,0.38817563413057565,0.4,0.85,NON_MATCH,geo,,0.0,36.372470722554226,0.9272550585548915,0.4242424242424242,0.0,0.0,1.0,0.0,NON_MATCH
ChIJS5ApPqXGhkcRy7SEeivF1Uw:833503,thefork,ChIJS5ApPqXGhkcRy7SEeivF1Uw,833503,True,fratelli la bufala,[],Street Food Lovers,Fratelli La Bufala - Milano San Babila,,Corso Vittorio Emanuele II,20122,20122,,,,,0.37250949285435037,0.4,0.85,NON_MATCH,geo,,0.2222222222222223,126.57374036680118,0.7468525192663977,0.0,0.0,0.0,1.0,0.0,NON_MATCH
ChIJZRvaSw3HhkcRHEkCs9NBNuE:342841,thefork,ChIJZRvaSw3HhkcRHEkCs9NBNuE,342841,True,kfc|signorvino,[],Kfc,Signorvino – Milano Duomo,Via Privata della Passarella,Piazza del Duomo,20122,20122,+390250047089,,kfc.it,,0.3282291931467855,0.4,0.85,NON_MATCH,geo,,0.0,118.76349030978687,0.7624730193804262,0.40909090909090906,0.0,0.0,1.0,0.0,NON_MATCH
ChIJz2Jm4jTDhkcR3eol5SHhaXU:820392,thefork,ChIJz2Jm4jTDhkcR3eol5SHhaXU,820392,True,california bakery,[],California Bakery Garden & Lounge,Nautilus,Corso di Porta Ticinese,Via Pioppette,20123,20123,+390249696458,,garden.californiabakery.it,,0.3907973773021548,0.4,0.85,NON_MATCH,geo,,0.20512820512820512,147.76198846944914,0.7044760230611018,0.27777777777777773,0.0,0.0,1.0,0.0,NON_MATCH
ChIJi8USvtrGhkcRx0yIWlb719g:853171,thefork,ChIJi8USvtrGhkcRx0yIWlb719g,853171,True,rossopomodoro,[],Rossopomodoro Stazione Milano Centrale,Black,Piazza Duca d'Aosta,Piazza Luigi di Savoia,20124,20124,+390222228764,,ristoranti.rossopomodoro.it/stazionefsmilanocentrale-4a4e763ed5e2?utm_source=googleBusinessProfile&utm_medium=Yext&utm_campaign=1V6,,0.39040598444950836,0.4,0.85,NON_MATCH,geo,,0.09302325581395351,123.70492619359594,0.7525901476128081,0.5365853658536586,0.0,0.0,1.0,0.0,NON_MATCH
ChIJlcfzeW7BhkcRHqTmRKBxKNc:848098,thefork,ChIJlcfzeW7BhkcRHqTmRKBxKNc,848098,True,la piadineria,[],La Piadineria,Muku_kyoto/無垢ミラノ,Piazza Virgilio,Via G. Leopardi,20123,20123,+3902468946,,lapiadineria.com,,0.3475525037068754,0.4,0.85,NON_MATCH,geo,,0.06896551724137936,126.64913263549819,0.7467017347290037,0.3448275862068965,0.0,0.0,1.0,0.0,NON_MATCH
ChIJxaKH9YLBhkcR0DBdC3MZJcA:743222,thefork,ChIJxaKH9YLBhkcR0DBdC3MZJcA,743222,True,kfc,[],Kfc,Clamour Noodle House,Via Paolo Sarpi,Via Luigi Canonica,20154,20154,+390250030994,,kfc.it,,0.3807286325433167,0.4,0.85,NON_MATCH,geo,,0.08695652173913046,122.10985864788745,0.755780282704225,0.48484848484848486,0.0,0.0,1.0,0.0,NON_MATCH
ChIJLa7hQ7_GhkcR8l62Wg9zwvE:818946,thefork,ChIJLa7hQ7_GhkcR8l62Wg9zwvE,818946,True,12oz,[],12oz,Rivoire Oberdan,Piazza Guglielmo Oberdan,Via Marcello Malpighi,20129,20129,+39022046868,,12ozcj.com,,0.3981557499928596,0.4,0.85,NON_MATCH,geo,,0.10526315789473685,82.58451755406027,0.8348309648918795,0.35555555555555557,0.0,0.0,1.0,0.0,NON_MATCH
ChIJq5N4o8bBhkcR3Y6aZ369eDE:860230,thefork,ChIJq5N4o8bBhkcR3Y6aZ369eDE,860230,True,12oz,[],12oz,Temakinho Milano Cadorna - Fuego,Piazzale Luigi Cadorna,Via Giovanni Boccaccio,20123,20123,,,12ozcj.com,,0.3547568627079951,0.4,0.85,NON_MATCH,geo,,0.058823529411764636,122.88362623074796,0.7542327475385041,0.40909090909090906,0.0,0.0,1.0,0.0,NON_MATCH
ChIJZRvaSw3HhkcRHEkCs9NBNuE:818813,thefork,ChIJZRvaSw3HhkcRHEkCs9NBNuE,818813,True,kfc,[],Kfc,San Paolo Pizza & Bistrot,Via Privata della Passarella,Via S. Paolo,20122,20121,+390250047089,,kfc.it,,0.3356116660140071,0.4,0.85,NON_MATCH,geo,,0.0,112.39149753101024,0.7752170049379795,0.42857142857142855,0.0,0.0,0.0,0.0,NON_MATCH
ChIJqXR9QKzGhkcR8j34BN53pPA:695891,thefork,ChIJqXR9QKzGhkcR8j34BN53pPA,695891,True,kfc,[],Kfc,Vista Duomo,Via Orefici,P.za del Duomo,20123,20121,+390283623002,,kfc.it,,0.35074511227581073,0.4,0.85,NON_MATCH,geo,,0.0,62.42761738376243,0.8751447652324751,0.29629629629629634,0.0,0.0,0.0,0.0,NON_MATCH
ChIJUSnGFOvHhkcRQC_NxuPdTwQ:851387,thefork,ChIJUSnGFOvHhkcRQC_NxuPdTwQ,851387,True,caffe vergnano,[],Caffè Vergnano,Sushi Nikkei,Via Cesare Battisti,C.so di Porta Vittoria,20122,20122,+390282771411,,caffevergnano.com,,0.36447576839822093,0.4,0.85,NON_MATCH,geo,,0.07692307692307693,117.88907918453022,0.7642218416309395,0.3902439024390244,0.0,0.0,1.0,0.0,NON_MATCH
ChIJ4SAx7B_BhkcRYctmKNNBaHU:628929,thefork,ChIJ4SAx7B_BhkcRYctmKNNBaHU,628929,True,spontini,[],Spontini,Yu Hu,Viale Luigi Bodio,Via degli Imbriani,20158,20158,,,asporto.spontinimilano.com/locations/24/menus/17,,0.3799383410300585,0.4,0.85,NON_MATCH,geo,,0.0,67.43502301828369,0.8651299539634326,0.5142857142857143,0.0,0.0,1.0,0.0,NON_MATCH
ChIJtbXk-m3HhkcR-WHjCLyeQqo:833503,thefork,ChIJtbXk-m3HhkcR-WHjCLyeQqo,833503,True,fratelli la bufala,[],Dacan,Fratelli La Bufala - Milano San Babila,Galleria Passarella,Corso Vittorio Emanuele II,20122,20122,+393455960079,,dacanristorante.it,,0.38478670151079597,0.4,0.85,NON_MATCH,geo,,0.1463414634146342,111.9771859950302,0.7760456280099396,0.2666666666666667,0.0,0.0,1.0,0.0,NON_MATCH
ChIJ1UZZH6_DhkcRxqcTwF2H4J8:354947,thefork,ChIJ1UZZH6_DhkcRxqcTwF2H4J8,354947,True,kfc,[],Kfc,Casa del Ramen Via Vigevano,Piazzale Stazione Genova,Via Vigevano,20144,20144,+390250042016,,kfc.it,,0.3551945630081283,0.4,0.85,NON_MATCH,geo,,0.06666666666666671,123.53157665505474,0.7529368466898905,0.38888888888888884,0.0,0.0,1.0,0.0,NON_MATCH
ChIJZRvaSw3HhkcRHEkCs9NBNuE:464869,thefork,ChIJZRvaSw3HhkcRHEkCs9NBNuE,464869,True,kfc,[],Kfc,Casa Vittoria,Via Privata della Passarella,Largo Corsia dei Servi,20122,20122,+390250047089,,kfc.it,,0.3890838602268462,0.4,0.85,NON_MATCH,geo,,0.125,119.16591396164822,0.7616681720767036,0.4,0.0,0.0,1.0,0.0,NON_MATCH
ChIJnyEBCc7BhkcRK9JOyB5n9aU:847270,thefork,ChIJnyEBCc7BhkcRK9JOyB5n9aU,847270,True,kfc,[],Kfc,Rawana,Via Carlo Imbonati,Via Giuseppe Cesare Abba,20159,20158,+390286894061,,kfc.it,,0.3590508832595713,0.4,0.85,NON_MATCH,geo,,0.0,78.90690146591854,0.8421861970681629,0.42857142857142855,0.0,0.0,0.0,0.0,NON_MATCH
ChIJGYriAdPHhkcRMlSP0YYN35c:717689,thefork,ChIJGYriAdPHhkcRMlSP0YYN35c,717689,True,kfc,[],Kfc,Giglio Rosso,Piazza Duca d'Aosta,Piazza Luigi di Savoia,20125,20124,+390266703773,,kfc.it,,0.3432488563527788,0.4,0.85,NON_MATCH,geo,,0.0,124.62706932181423,0.7507458613563716,0.5365853658536586,0.0,0.0,0.0,0.0,NON_MATCH
ChIJ1UZZH6_DhkcRxqcTwF2H4J8:818997,thefork,ChIJ1UZZH6_DhkcRxqcTwF2H4J8,818997,True,kfc,[],Kfc,Risotteria Melotti Milano,Piazzale Stazione Genova,Via Privata Sartirana,20144,20144,+390250042016,,kfc.it,,0.35770582954490365,0.4,0.85,NON_MATCH,geo,,0.0,74.70595779299477,0.8505880844140105,0.4,0.0,0.0,1.0,0.0,NON_MATCH
ChIJRfgU9K7GhkcRarm9Fh_QoY0:342841,thefork,ChIJRfgU9K7GhkcRarm9Fh_QoY0,342841,True,signorvino,[],Bistrot,Signorvino – Milano Duomo,,Piazza del Duomo,20121,20122,+39800069069,,rinascente.it,,0.395176112371299,0.4,0.85,NON_MATCH,geo,,0.2666666666666667,125.9388870886205,0.748122225822759,0.0,0.0,0.0,0.0,0.0,NON_MATCH
ChIJ6UhNz2jDhkcRsZGprzyp7zQ:859270,thefork,ChIJ6UhNz2jDhkcRsZGprzyp7zQ,859270,True,old wild west,[],Old Wild West - Assago Milanofiori,Ramen Bar Akira - Milano Assago,,Piazza degli Incontri,20090,20057,+390289200572,,oldwildwest.it/it/ristoranti/assago-milanofiori-2?utm_campaign=Brand-Schede_Google&utm_content=paginaristorante&utm_medium=Organic&utm_source=Partoo,,0.5590515147960033,0.4,0.85,UNCERTAIN,geo,,0.4918032786885246,52.64303506894131,0.8947139298621174,0.0,0.0,0.0,0.0,0.0,NON_MATCH
ChIJAQBwSEXHhkcRajSvDY2nCzk:850782,thefork,ChIJAQBwSEXHhkcRajSvDY2nCzk,850782,True,rossopomodoro,['chain_distance_gt_auto_match_radius'],Rossopomodoro,Wagamama - Bicocca,Via Chiese,Via Chiese,20126,20126,+390264109382,,ristoranti.rossopomodoro.it/bicoccavillagemilano-d0388066b273?utm_source=googleBusinessProfile&utm_medium=Yext&utm_campaign=124,,0.508988337239776,0.4,0.85,UNCERTAIN,geo,,0.13793103448275856,85.68168571657611,0.8286366285668478,1.0,0.0,0.0,1.0,0.0,NON_MATCH
ChIJFbS0sCXDhkcR2hnemMIgNAE:820392,thefork,ChIJFbS0sCXDhkcR2hnemMIgNAE,820392,True,street smash burgers,['chain_distance_gt_auto_match_radius'],Street Smash Burgers,Nautilus,Via Edmondo de Amicis,Via Pioppette,20123,20123,,,streetsmash.com,,0.41114828300559375,0.4,0.85,UNCERTAIN,geo,,0.1428571428571429,102.92142043618664,0.7941571591276267,0.411764705882353,0.0,0.0,1.0,0.0,NON_MATCH
ChIJndImMivDhkcR3jowFCRUSds:847841,thefork,ChIJndImMivDhkcR3jowFCRUSds,847841,True,spun tiramisu,['chain_distance_gt_auto_match_radius'],Spun Tiramisu,SAYA Pizza,Corso di Porta Ticinese,Via Vetere,20123,20123,,,spuntiramisu.com,,0.46651797631638336,0.4,0.85,UNCERTAIN,geo,,0.34782608695652173,133.94100503644833,0.7321179899271033,0.2424242424242425,0.0,0.0,1.0,0.0,NON_MATCH
ChIJF74fqPRugUcRlsLYvrQZV5M:466709,thefork,ChIJF74fqPRugUcRlsLYvrQZV5M,466709,True,rossopomodoro,[],ODStore,Rossopomodoro Milano Bicocca,Via Chiese,Viale Sarca,20126,20126,+390283591094,,odstore.it,,0.5341618764204168,0.4,0.85,UNCERTAIN,geo,,0.22857142857142862,2.2177275626699013,0.9955645448746602,0.4761904761904762,0.0,0.0,1.0,0.0,NON_MATCH
ChIJuZVJJFbBhkcRdtplrEW18Bg:836714,thefork,ChIJuZVJJFbBhkcRdtplrEW18Bg,836714,True,cioccolatitaliani,[],Cioccolatitaliani,Bomaki City Life - Milano,Piazza Tre Torri,Piazza Tre Torri,20145,20145,+390258125528,,cioccolatitaliani.it,,0.6494689409995347,0.4,0.85,UNCERTAIN,geo,,0.4,72.18722714352187,0.8556255457129562,1.0,0.0,0.0,1.0,0.0,NON_MATCH
ChIJOcrUtSTBhkcRgo4jDrje38A:857848,thefork,ChIJOcrUtSTBhkcRgo4jDrje38A,857848,True,miscusi,['chain_distance_gt_auto_match_radius'],miscusi | pasta fresca - Milano Isola,Le Regioni,Piazza Tito Minniti,Via Pietro Borsieri,20159,20159,,,miscusi.com/?utm_source=google&utm_medium=googlemaps&utm_campaign=linkgmb&utm_content=I004,,0.45939667677489276,0.4,0.85,UNCERTAIN,geo,,0.2666666666666667,113.14259207596777,0.7737148158480645,0.368421052631579,0.0,0.0,1.0,0.0,NON_MATCH
ChIJs6BQZUrBhkcR2zi88W4fDXw:849883,thefork,ChIJs6BQZUrBhkcR2zi88W4fDXw,849883,True,california bakery,['chain_distance_gt_auto_match_radius'],California Bakery,Taverna Trastevere,Corso Garibaldi,Via Statuto,20124,20121,+390283526850,,californiabakery.it,,0.5038034352603531,0.4,0.85,UNCERTAIN,geo,,0.3428571428571429,107.59634837218002,0.78480730325564,0.3846153846153846,0.0,0.0,0.0,0.0,NON_MATCH
ChIJ9XAsFRbHhkcRgavQsfFEyI4:279063,thefork,ChIJ9XAsFRbHhkcRgavQsfFEyI4,279063,True,alice pizza,['chain_distance_gt_auto_match_radius'],Alice Pizza,Pane e Vino,Via Torino,Largo Carrobbio,20123,20123,+390240703328,,alicepizza.it,,0.4872721725827641,0.4,0.85,UNCERTAIN,geo,,0.36363636363636365,149.35144176488245,0.7012971164702351,0.4,0.0,0.0,1.0,0.0,NON_MATCH
ChIJiQ_W_hnHhkcRmGfMCAW_8hU:725693,thefork,ChIJiQ_W_hnHhkcRmGfMCAW_8hU,725693,True,poke house,[],Poke House - Rinascente kiosk,Il Vizio - Milano,Via Santa Radegonda,Via Ulrico Hoepli,20121,20121,+393755590647,,poke-house.com,,0.4706758102745903,0.4,0.85,UNCERTAIN,geo,,0.2380952380952381,69.10258396146959,0.8617948320770608,0.33333333333333326,0.0,0.0,1.0,0.0,NON_MATCH
ChIJbaA-4bbGhkcRO7yyCSBv4vY:832277,thefork,ChIJbaA-4bbGhkcRO7yyCSBv4vY,832277,True,poke house,[],Pasticceria Roffia Dolce In Srl,Poke House - Turati,Via Filippo Turati,V. Filippo Turati,20121,20121,,,,,0.6539359077982039,0.4,0.85,UNCERTAIN,geo,,0.33333333333333326,5.581756366711503,0.988836487266577,0.9411764705882354,0.0,0.0,1.0,0.0,NON_MATCH
ChIJp_AzHKzGhkcRzUHW58BFtFY:832734,thefork,ChIJp_AzHKzGhkcRzUHW58BFtFY,832734,True,12oz,['chain_distance_gt_auto_match_radius'],12oz Coffee Joint,Ristorante Verso Capitaneo,Piazza del Duomo,P.za del Duomo,20123,20121,+390249635212,,12ozcj.com,,0.5427254239957099,0.4,0.85,UNCERTAIN,geo,,0.2790697674418605,138.2992281788862,0.7234015436422276,1.0,0.0,0.0,0.0,0.0,NON_MATCH
ChIJ_dnj-rbGhkcRz4ORfs9Xa-s:840771,thefork,ChIJ_dnj-rbGhkcRz4ORfs9Xa-s,840771,True,la piadineria,['chain_distance_gt_auto_match_radius'],La Piadineria,Linfa da Visionnaire,Via Filippo Turati,Piazza Cavour,20121,20121,+390229005603,,lapiadineria.com,,0.5627778808862692,0.4,0.85,UNCERTAIN,geo,,0.4242424242424242,82.0112105199645,0.835977578960071,0.3870967741935484,0.0,0.0,1.0,0.0,NON_MATCH
ChIJq6oatFrHhkcRLM5Wnk69Ec8:850759,thefork,ChIJq6oatFrHhkcRLM5Wnk69Ec8,850759,True,cioccolatitaliani,[],Cioccolatitaliani,Calavera - Bicocca,Bicocca Village,Viale Sarca,20126,20126,+390283522934,,cioccolatitaliani.it,,0.63623016663322,0.4,0.85,UNCERTAIN,geo,,0.48484848484848486,52.80472365750467,0.8943905526849907,0.5384615384615384,0.0,0.0,1.0,0.0,NON_MATCH
ChIJZ9vdgRXHhkcRKQxPaMI1aJI:727092,thefork,ChIJZ9vdgRXHhkcRKQxPaMI1aJI,727092,True,rossopomodoro,['chain_distance_gt_auto_match_radius'],Kebab Pizza Cleopatra,Rossopomodoro Milano Centrale Nuovo,Via Roberto Lepetit,Piazza Duca d'Aosta,20124,20125,,,,,0.4792971065676911,0.4,0.85,UNCERTAIN,geo,,0.3214285714285714,101.27266193874418,0.7974546761225116,0.26315789473684204,0.0,0.0,0.0,0.0,NON_MATCH
ChIJP1oyhsDGhkcRLVoF6oDXRDw:836838,thefork,ChIJP1oyhsDGhkcRLVoF6oDXRDw,836838,True,alice pizza,['chain_distance_gt_auto_match_radius'],Alice Pizza,Eppolino,Via Lazzaro Spallanzani,Via Melzo,20129,20129,+390240703328,,alicepizza.it,,0.5043609419460108,0.4,0.85,UNCERTAIN,geo,,0.31578947368421056,112.1911355658493,0.7756177288683014,0.5,0.0,0.0,1.0,0.0,NON_MATCH
ChIJFfN0OcfHhkcRW_w5LTbTMZA:293449,thefork,ChIJFfN0OcfHhkcRW_w5LTbTMZA,293449,True,la piadineria,['chain_distance_gt_auto_match_radius'],La Piadineria,La Cupola All Day Dining,Via Santa Margherita,Via Tommaso Grossi,20121,20121,+390284945172,,lapiadineria.com,,0.6123765890215045,0.4,0.85,UNCERTAIN,geo,,0.48648648648648646,85.44860377541619,0.8291027924491676,0.5263157894736842,0.0,0.0,1.0,0.0,NON_MATCH
ChIJ6cT4javGhkcRhnI9NMw2p2g:484853,thefork,ChIJ6cT4javGhkcRhnI9NMw2p2g,484853,True,la piadineria,['chain_distance_gt_auto_match_radius'],La Piadineria,Top Missori,Via dell'Unione,Piazza Giuseppe Missori,20122,20123,+390272017209,,lapiadineria.com,,0.43599639376528737,0.4,0.85,UNCERTAIN,geo,,0.25,134.66680589921353,0.7306663882015729,0.368421052631579,0.0,0.0,0.0,0.0,NON_MATCH
ChIJFZif96vGhkcRUmk1pSN9y3Y:849121,thefork,ChIJFZif96vGhkcRUmk1pSN9y3Y,849121,True,caffe vergnano,[],Caffè Vergnano 1882,Casa Artiano,Via Speronari,Via Falcone,20123,20123,+3902874759,,,,0.5383073102173194,0.4,0.85,UNCERTAIN,geo,,0.32258064516129037,68.5471605190368,0.8629056789619264,0.5,0.0,0.0,1.0,0.0,NON_MATCH
ChIJiQ_W_hnHhkcRmGfMCAW_8hU:629061,thefork,ChIJiQ_W_hnHhkcRmGfMCAW_8hU,629061,True,poke house,[],Poke House - Rinascente kiosk,Basara - Milano Duomo,Via Santa Radegonda,Piazza Duomo Rinascente Food Hall,20121,20121,+393755590647,,poke-house.com,,0.5470594453809063,0.4,0.85,UNCERTAIN,geo,,0.34782608695652173,49.351293985231756,0.9012974120295365,0.3846153846153846,0.0,0.0,1.0,0.0,NON_MATCH
ChIJqw4p7evBhkcROq395QVD8Ms:832217,thefork,ChIJqw4p7evBhkcROq395QVD8Ms,832217,True,panificio davide longoni,['chain_distance_gt_auto_match_radius'],Panificio Davide Longoni,Locanda Sempione,Via Giulio Cesare Procaccini,Corso Sempione,20154,20154,+393751337752,,davidelongoni.com,,0.4811490584770469,0.4,0.85,UNCERTAIN,geo,,0.35,134.0727736042186,0.7318544527915628,0.33333333333333326,0.0,0.0,1.0,0.0,NON_MATCH
ChIJ-4K1QT7BhkcRNnL8_-ElR_c:748648,thefork,ChIJ-4K1QT7BhkcRNnL8_-ElR_c,748648,True,la piadineria,[],La Piadineria,Ocean,Via Carlo Imbonati,Via Carlo Imbonati,20158,20159,+390284944462,,lapiadineria.com,,0.5974969307954495,0.4,0.85,UNCERTAIN,geo,,0.2222222222222223,19.44882902237379,0.9611023419552525,1.0,0.0,0.0,0.0,0.0,NON_MATCH
ChIJ3bu0-pTBhkcRVOw8nDL1Ris:715993,thefork,ChIJ3bu0-pTBhkcRVOw8nDL1Ris,715993,True,signorvino,['chain_distance_gt_auto_match_radius'],Lazzati Baretto,Signorvino - Milano Pasubio,Corso Como,Viale Pasubio,20154,20154,+393935910359,,,,0.4132183507476605,0.4,0.85,UNCERTAIN,geo,,0.25,125.52657967725524,0.7489468406454896,0.17391304347826092,0.0,0.0,1.0,0.0,NON_MATCH
ChIJXz-kRADEhkcRHPxSoj46XEc:288809,thefork,ChIJXz-kRADEhkcRHPxSoj46XEc,288809,True,rossopomodoro,['chain_distance_gt_auto_match_radius'],Natural Bakery Panetterie Damiani Via Molino Delle Armi 31 Milano,Rossopomodoro Molino delle Armi,Via Molino delle Armi,Via Molino delle Armi,20123,20123,+390258118272,,,,0.7620071997769021,0.4,0.85,UNCERTAIN,geo,,0.7083333333333333,131.6563812710922,0.7366872374578156,1.0,0.0,0.0,1.0,0.0,NON_MATCH
ChIJhX9mBKzGhkcRf19ci1YpFV0:840549,thefork,ChIJhX9mBKzGhkcRf19ci1YpFV0,840549,True,spontini,['chain_distance_gt_auto_match_radius'],Spontini,Jin Yong Duomo,Via Dogana,Via Giuseppe Mazzini,20123,20123,+390225061118,,spontinimilano.com/pizzerie/MILANO-MAZZINI,,0.4882106258426942,0.4,0.85,UNCERTAIN,geo,,0.27272727272727265,97.3614436013458,0.8052771127973084,0.4666666666666666,0.0,0.0,1.0,0.0,NON_MATCH
ChIJJ0KLLDfBhkcRGmeTxKHQa-A:713486,thefork,ChIJJ0KLLDfBhkcRGmeTxKHQa-A,713486,True,poke house,['chain_distance_gt_auto_match_radius'],Poke House - Cadorna,Beef Club Milano,Piazza Virgilio,Via Giovanni Boccaccio,20123,20123,+390236705940,,poke-house.com,,0.4429526140703074,0.4,0.85,UNCERTAIN,geo,,0.23529411764705885,93.19283613394653,0.813614327732107,0.27027027027027034,0.0,0.0,1.0,0.0,NON_MATCH
ChIJV0L22cnGhkcRE7gSLgwpPWw:608491,thefork,ChIJV0L22cnGhkcRE7gSLgwpPWw,608491,True,panino giusto,[],Panino Giusto,Camelia´s Yard Milano social Bistrot,,Via Iginio Ugo Tarchetti,20121,20121,+390225061157,,paninogiusto.it/store/milano-turati,,0.48378173283729486,0.4,0.85,UNCERTAIN,geo,,0.3673469387755102,71.27390935780025,0.8574521812843995,0.0,0.0,0.0,1.0,0.0,NON_MATCH
ChIJYb5WEBnEhkcR441sxoi4YdE:314487,thefork,ChIJYb5WEBnEhkcR441sxoi4YdE,314487,True,rossopomodoro,['chain_distance_gt_auto_match_radius'],Scaringi pasticceria,Rossopomodoro Porta Romana,Viale Sabotino,Viale Sabotino,20135,20135,+390258304588,,,,0.5517420188153543,0.4,0.85,UNCERTAIN,geo,,0.30434782608695654,143.4741346116056,0.7130517307767887,1.0,0.0,0.0,1.0,0.0,NON_MATCH
ChIJoVCRCyHBhkcRaK5JLsiVMxs:739224,thefork,ChIJoVCRCyHBhkcRaK5JLsiVMxs,739224,True,alice pizza,[],Alice Pizza,Gambarotta,Largo la Foppa,Via della Moscova,20121,20121,,,alicepizza.it,,0.4603842972791829,0.4,0.85,UNCERTAIN,geo,,0.19047619047619052,47.48699247586553,0.905026015048269,0.32258064516129037,0.0,0.0,1.0,0.0,NON_MATCH
ChIJhycaBvnDhkcRs3Ut-Rzbeh4:691713,thefork,ChIJhycaBvnDhkcRs3Ut-Rzbeh4,691713,True,signorvino,[],Posto di Conversazione,Signorvino - Milano Navigli,Alzaia Naviglio Grande,Viale Gorizia,20144,20144,+390291943999,,mymenuweb.com/it/restaurants/920865/?utm_source=google_profile&utm_medium=google_profile&utm_campaign=admin,,0.5454496326316752,0.4,0.85,UNCERTAIN,geo,,0.3404255319148936,49.66161903681656,0.9006767619263669,0.4,0.0,0.0,1.0,0.0,NON_MATCH
ChIJERe0IKvGhkcRc5k6oBG9FR0:747250,thefork,ChIJERe0IKvGhkcRc5k6oBG9FR0,747250,True,cioccolatitaliani,['chain_distance_gt_auto_match_radius'],Cioccolatitaliani,Via Stampa,Via Nerino,Via Stampa,20123,20123,+390272105486,,cioccolatitaliani.it,,0.46543701148947075,0.4,0.85,UNCERTAIN,geo,,0.29629629629629634,145.63129412778085,0.7087374117444383,0.4615384615384615,0.0,0.0,1.0,0.0,NON_MATCH
ChIJC60-fcfGhkcRvt5G84KXoVM:645433,thefork,ChIJC60-fcfGhkcRvt5G84KXoVM,645433,True,flower burger,['chain_distance_gt_auto_match_radius'],Flower Burger,The Dhaba,Viale Vittorio Veneto,Via Panfilo Castaldi,20124,20124,+390239628381,,flowerburger.it,,0.4523782919912687,0.4,0.85,UNCERTAIN,geo,,0.27272727272727265,121.7212236678422,0.7565575526643156,0.3414634146341463,0.0,0.0,1.0,0.0,NON_MATCH
ChIJi_q8WQfEhkcRA1dYxFINVZY:842627,thefork,ChIJi_q8WQfEhkcRA1dYxFINVZY,842627,True,mcdonald s,[],McDonald's Milano XXIV Maggio,Ristorante Sant'Eustorgio,Piazza Sant'Eustorgio,Piazza Sant'Eustorgio,20122,20122,+390249708326,,mcdonalds.it,,0.6374957270998175,0.4,0.85,UNCERTAIN,geo,,0.33333333333333326,41.6727708097844,0.9166544583804312,1.0,0.0,0.0,1.0,0.0,NON_MATCH
ChIJ6zoIQLDGhkcRWO7yEfkZWLI:8653530,tripadvisor,ChIJ6zoIQLDGhkcRWO7yEfkZWLI,8653530,True,marchesi 1824,[],Marchesi 1824,Marchesi 1824,Via Monte Napoleone,Via Monte Napoleone,20121,20121,+390276008238,+390276008238,marchesi1824.com/eu/it.html,marchesi1824.com/eu/en.html,0.8908978480086291,0.4,0.85,MATCH,geo,,1.0,18.204303982741635,0.9635913920345167,1.0,1.0,0.0,1.0,0.0,MATCH
ChIJxezOIjnBhkcR88UdX6nsNfE:27987487,tripadvisor,ChIJxezOIjnBhkcR88UdX6nsNfE,27987487,True,mcdonald s,['chain_website_fast_path_suppressed'],McDonald's,McDonald's Milano Sarpi,Via Paolo Sarpi,Via Paolo Sarpi,20154,20154,+390233614083,+390233614083,mcdonalds.it,mcdonalds.it,1.0,0.4,0.85,MATCH,fast_path,phone,1.0,,0.0,1.0,1.0,1.0,1.0,0.0,MATCH
ChIJY9N1JcLGhkcROGwB28Qg0UM:8606118,tripadvisor,ChIJY9N1JcLGhkcROGwB28Qg0UM,8606118,True,la piadineria,['chain_website_fast_path_suppressed'],La Piadineria,La Piadineria,Via Vitruvio,Via Vitruvio,20124,20124,+390231057429,+390231057429,lapiadineria.com,lapiadineria.com,1.0,0.4,0.85,MATCH,fast_path,phone,1.0,,0.0,1.0,1.0,1.0,1.0,0.0,MATCH
ChIJoWb1zQjDhkcRLTXfkEmXzb4:23695841,tripadvisor,ChIJoWb1zQjDhkcRLTXfkEmXzb4,23695841,True,poke house,[],Poke House - The Sign,Poke House - The Sign,Via Ernesto Calindri,Via Ernesto Calindri,20143,20143,+390249539753,+390249539753,poke-house.com,poke-house.com/it-it/home,0.8604114168244401,0.4,0.85,MATCH,geo,,1.0,79.17716635111985,0.8416456672977604,1.0,1.0,0.0,1.0,0.0,MATCH
ChIJO7VRygfFhkcRELDLoHwB71s:29616726,tripadvisor,ChIJO7VRygfFhkcRELDLoHwB71s,29616726,True,la piadineria,[],La Piadineria,La Piadineria,Corso Lodi,Corso Lodi,20135,20135,+390249453836,+390249453836,lapiadineria.com,lapiadineria.com,0.9976464614184735,0.4,0.85,MATCH,geo,,1.0,4.707077163053036,0.990585845673894,1.0,1.0,1.0,1.0,0.0,MATCH
ChIJlcfzeW7BhkcRHqTmRKBxKNc:30560898,tripadvisor,ChIJlcfzeW7BhkcRHqTmRKBxKNc,30560898,True,la piadineria,[],La Piadineria,La Piadineria,Piazza Virgilio,Piazza Virgilio,20123,20123,+3902468946,+3902468946,lapiadineria.com,lapiadineria.com,0.996142908968666,0.4,0.85,MATCH,geo,,1.0,7.714182062668223,0.9845716358746636,1.0,1.0,1.0,1.0,0.0,MATCH
ChIJr56LV4DHhkcRmYeddcNxGcE:14118545,tripadvisor,ChIJr56LV4DHhkcRmYeddcNxGcE,14118545,True,la piadineria,[],La Piadineria,La Piadineria,Corso Buenos Aires,Corso Buenos Aires,20100,20100,+39026692960,+39026692960,lapiadineria.com,lapiadineria.com,0.9834601943850942,0.4,0.85,MATCH,geo,,1.0,33.079611229811526,0.933840777540377,1.0,1.0,1.0,1.0,0.0,MATCH
ChIJi8USvtrGhkcRx0yIWlb719g:4177501,tripadvisor,ChIJi8USvtrGhkcRx0yIWlb719g,4177501,True,rossopomodoro,[],Rossopomodoro Stazione Milano Centrale,Rossopomodoro Milano Centrale FS,Piazza Duca d'Aosta,Piazza Duca D'aosta,20124,20124,+390222228764,+390222228764,ristoranti.rossopomodoro.it/stazionefsmilanocentrale-4a4e763ed5e2?utm_source=googleBusinessProfile&utm_medium=Yext&utm_campaign=1V6,rossopomodoro.it/ristoranti/milano/stazione-centrale,0.8641513803173319,0.4,0.85,MATCH,geo,,0.9508196721311475,32.352977070254276,0.9352940458594914,1.0,1.0,0.0,1.0,0.0,MATCH
ChIJ9SDDJADHhkcRFQ-NIj0tuwc:15143883,tripadvisor,ChIJ9SDDJADHhkcRFQ-NIj0tuwc,15143883,True,bar atlantic,[],Bar Atlantic,Bar Atlantic,Via Fratelli Castiglioni,Via Fratelli Castiglioni,20124,20124,+390265560991,+390265560991,esselunga.it/it-it/negozi/negozio.esselunga-di-porta-nuova.PON.html,facebook.com/1245378768973764,0.8582928522011946,0.4,0.85,MATCH,geo,,1.0,83.414295597611,0.833171408804778,1.0,1.0,0.0,1.0,0.0,MATCH
ChIJL5oz7jTHhkcRqQsxU3qrt70:22905509,tripadvisor,ChIJL5oz7jTHhkcRqQsxU3qrt70,22905509,True,burger king,['chain_website_fast_path_suppressed'],Burger King,Burger King,Viale Sarca,"Viale Sarca, Angolo, Via Chiese, Snc Bicocca Village",20126,20126,+390280016422,+390280016422,burgerking.it/ristoranti/lombardia/milano/burger-king-milano-bicocca,burgerking.it/ristoranti/lombardia/milano/burger-king-milano-bicocca,1.0,0.4,0.85,MATCH,fast_path,phone,1.0,,0.0,1.0,1.0,1.0,1.0,0.0,MATCH
ChIJj2u4_BPHhkcRj6v1vnDRn-4:14180704,tripadvisor,ChIJj2u4_BPHhkcRj6v1vnDRn-4,14180704,True,la piadineria,[],La Piadineria,La Piadineria,Via del Bollo,Via del Bollo,20123,20123,+390289094959,+390289094959,lapiadineria.com,lapiadineria.com,0.9995095280233983,0.4,0.85,MATCH,geo,,1.0,0.980943953203301,0.9980381120935934,1.0,1.0,1.0,1.0,0.0,MATCH
ChIJ9Sugtf3BhkcRbCkjWDB9iv8:23383570,tripadvisor,ChIJ9Sugtf3BhkcRbCkjWDB9iv8,23383570,True,flower burger,[],Flower Burger,Flower Burger,Corso Garibaldi,Corso Garibaldi,20121,20121,+390250308479,+390250308479,flowerburger.it,flowerburger.it,0.9864009836922994,0.4,0.85,MATCH,geo,,1.0,27.1980326154012,0.9456039347691976,1.0,1.0,1.0,1.0,0.0,MATCH
ChIJ_SuuMf3DhkcRH8NOUF_8mDI:6615005,tripadvisor,ChIJ_SuuMf3DhkcRH8NOUF_8mDI,6615005,True,spontini,[],Spontini,Spontini - Papiniano,Viale Papiniano,Viale Papiniano,20123,20123,+390283660098,+390283660098,spontinimilano.com/pizzerie/MILANO-PAPINIANO,pizzeriaspontini.it/pizzeria/milano-papiniano,0.8941735593994068,0.4,0.85,MATCH,geo,,1.0,11.652881201186538,0.976694237597627,1.0,1.0,0.0,1.0,0.0,MATCH
ChIJ____E87BhkcRR4vJpX76wOM:14122913,tripadvisor,ChIJ____E87BhkcRR4vJpX76wOM,14122913,True,la piadineria,['chain_website_fast_path_suppressed'],La Piadineria,La Piadineria,Via Giacomo Quarenghi,Via Giacomo Quarenghi,20151,20151,+39023084068,+39023084068,lapiadineria.com,lapiadineria.com,1.0,0.4,0.85,MATCH,fast_path,phone,1.0,,0.0,1.0,1.0,1.0,1.0,0.0,MATCH
ChIJZ-Z05mzBhkcRcxZHsjjbPlg:13223256,tripadvisor,ChIJZ-Z05mzBhkcRcxZHsjjbPlg,13223256,True,la piadineria,['chain_website_fast_path_suppressed'],La Piadineria,La Piadineria,Piazza Tre Torri,Piazza Tre Torri Citylife,20145,20145,+390248100437,+390248100437,lapiadineria.com,lapiadineria.com,1.0,0.4,0.85,MATCH,fast_path,phone,1.0,,0.0,1.0,1.0,1.0,1.0,0.0,MATCH
ChIJLbrgyuDHhkcRK3yFB88eFVs:30558884,tripadvisor,ChIJLbrgyuDHhkcRK3yFB88eFVs,30558884,True,la piadineria,[],La Piadineria,La Piadineria,Via Disciplini,Via Disciplini,20123,20123,+390238235683,+390238235683,lapiadineria.com,lapiadineria.com,0.9929232612916719,0.4,0.85,MATCH,geo,,1.0,14.153477416656342,0.9716930451666873,1.0,1.0,1.0,1.0,0.0,MATCH
ChIJz2Jm4jTDhkcR3eol5SHhaXU:26830718,tripadvisor,ChIJz2Jm4jTDhkcR3eol5SHhaXU,26830718,True,california bakery,[],California Bakery Garden & Lounge,California Bakery Garden & Lounge,Corso di Porta Ticinese,Corso di Porta Ticinese,20123,20123,+390249696458,+390249696458,garden.californiabakery.it,garden.californiabakery.it,0.9861005924500188,0.4,0.85,MATCH,geo,,1.0,27.79881509996255,0.9444023698000749,1.0,1.0,1.0,1.0,0.0,MATCH
ChIJo8eXJn_HhkcRQoRFh-FLVqw:18894215,tripadvisor,ChIJo8eXJn_HhkcRQoRFh-FLVqw,18894215,True,la piadineria,[],La Piadineria,La Piadineria,Via Bergamini,Via Bergamini,20122,10122,+390233292034,+390233292034,lapiadineria.com,lapiadineria.com,0.9991774512896533,0.4,0.85,MATCH,geo,,1.0,1.645097420693456,0.9967098051586131,1.0,1.0,1.0,0.0,0.0,MATCH
ChIJV0L22cnGhkcRE7gSLgwpPWw:8106852,tripadvisor,ChIJV0L22cnGhkcRE7gSLgwpPWw,8106852,True,panino giusto,[],Panino Giusto,Panino Giusto Turati,,Via Filippo Turati,20121,20121,+390225061157,+390225061157,paninogiusto.it/store/milano-turati,paninogiusto.it/store/milano-turati,0.8970062986791154,0.4,0.85,MATCH,geo,,1.0,5.98740264176928,0.9880251947164614,0.0,1.0,1.0,1.0,0.0,MATCH
ChIJ-eep2pjBhkcRk2CdchMd-iw:15739792,tripadvisor,ChIJ-eep2pjBhkcRk2CdchMd-iw,15739792,True,spontini,[],Spontini,Spontini,Via Arona,Via Arona,20149,20149,+390250041287,+390250041287,spontinimilano.com/pizzerie/MILANO-ARONA,pizzeriaspontini.it/pizzeria/spontini-via-arona-milano,0.8722960284713562,0.4,0.85,MATCH,geo,,1.0,55.40794305728761,0.8891841138854247,1.0,1.0,0.0,1.0,0.0,MATCH
ChIJkUHabrrBhkcR-o5IyrKrTMs:26785293,tripadvisor,ChIJkUHabrrBhkcR-o5IyrKrTMs,26785293,True,poke house,[],Poke House - Nirone,Poke House - Nirone,Via Nirone,Via Nirone,20123,20123,+390289050700,+390289050700,poke-house.com,poke-house.com/it-it/home,0.8941033613730964,0.4,0.85,MATCH,geo,,1.0,11.793277253807208,0.9764134454923856,1.0,1.0,0.0,1.0,0.0,MATCH
ChIJ8aGGdq_GhkcRgYPciQiiMtM:2194221,tripadvisor,ChIJ8aGGdq_GhkcRgYPciQiiMtM,2194221,True,panino giusto,['chain_website_fast_path_suppressed'],Panino Giusto,Panino Giusto Diaz,Autosilo Diaz,Piazza Generale Armando Diaz,20123,20123,+390225544401,+390225544401,paninogiusto.it/store/milano-diaz,paninogiusto.it/store/milano-diaz,1.0,0.4,0.85,MATCH,fast_path,phone,1.0,,0.0,0.4705882352941177,1.0,1.0,1.0,0.0,MATCH
ChIJ1bLRIYPHhkcRP-TfSGHlN2w:28007241,tripadvisor,ChIJ1bLRIYPHhkcRP-TfSGHlN2w,28007241,True,five guys,[],Five Guys,Five Guys,Piazza Duca d'Aosta,"Milano Centrale, Piazza Duca D’aosta",20124,20124,+390267070051,+390267070051,restaurants.fiveguys.it/milano-centrale-piazza-duca-d%E2%80%99aosta-1?y_source=1_OTc0OTU0MTgtNzE1LWxvY2F0aW9uLndlYnNpdGU%3D,fiveguys.it/?y_source=1_otc0otu0mtgtnzy5lwxvy2f0aw9ulndlynnpdgu%3d,1.0,0.4,0.85,MATCH,fast_path,phone,1.0,,0.0,1.0,1.0,0.0,1.0,0.0,MATCH
ChIJ_x4gSF3DhkcRN61FNkY6WZc:29185707,tripadvisor,ChIJ_x4gSF3DhkcRN61FNkY6WZc,29185707,True,la piadineria,[],La Piadineria,La Piadineria,Viale Famagosta,Viale Famagosta,20124,20124,+390282761923,+390282761923,lapiadineria.com,lapiadineria.com,0.996545194157289,0.4,0.85,MATCH,geo,,1.0,6.909611685421972,0.986180776629156,1.0,1.0,1.0,1.0,0.0,MATCH
ChIJUTw5HRrFhkcRoHGx8jCGWBs:27464445,tripadvisor,ChIJUTw5HRrFhkcRoHGx8jCGWBs,27464445,True,la piadineria,[],La piadineria,La Piadineria,Via Luigi Russolo,Via Luigi Russolo,20138,20138,+390249799981,+390249799981,lapiadineria.com,lapiadineria.com,0.9342731812730201,0.4,0.85,MATCH,geo,,1.0,131.45363745396003,0.73709272509208,1.0,1.0,1.0,1.0,0.0,MATCH
ChIJfwdIo5THhkcRcHlDCYI_dQg:33746465,tripadvisor,ChIJfwdIo5THhkcRcHlDCYI_dQg,33746465,True,rossopomodoro,[],Rossopomodoro Milano Duomo,Rossopomodoro Milano Duomo,Galleria Vittorio Emanuele II,Galleria Vittorio Emanuele Ii,20121,20121,+390286331960,+390286331960,ristoranti.rossopomodoro.it/rossopomodoro-milano-duomo-e42e46b04e2f,ristoranti.rossopomodoro.it/rossopomodoro-milano-duomo-e42e46b04e2f,0.9792566778925511,0.4,0.85,MATCH,geo,,1.0,41.48664421489792,0.9170267115702042,1.0,1.0,1.0,1.0,0.0,MATCH
ChIJDfUIAJrBhkcR9Oyzq9hzzoQ:21173067,tripadvisor,ChIJDfUIAJrBhkcR9Oyzq9hzzoQ,21173067,True,la piadineria,[],La Piadineria,La Piadineria,Corso Magenta,Corso Magenta,20123,20123,+390272105293,+390272105293,lapiadineria.com,lapiadineria.com,0.9954893946301945,0.4,0.85,MATCH,geo,,1.0,9.02121073961106,0.9819575785207779,1.0,1.0,1.0,1.0,0.0,MATCH
ChIJAQBwSEXHhkcRajSvDY2nCzk:3628404,tripadvisor,ChIJAQBwSEXHhkcRajSvDY2nCzk,3628404,True,rossopomodoro,[],Rossopomodoro,Rossopomodoro Bicocca Village,Via Chiese,Via Chiese,20126,20126,+390264109382,+390264109382,ristoranti.rossopomodoro.it/bicoccavillagemilano-d0388066b273?utm_source=googleBusinessProfile&utm_medium=Yext&utm_campaign=124,ristoranti.rossopomodoro.it/bicoccavillagemilano-d0388066b273,1.0,0.4,0.85,MATCH,fast_path,phone,1.0,,0.0,1.0,1.0,0.0,1.0,0.0,MATCH
ChIJj43CbejGhkcRJbfNOvypQkA:8339599,tripadvisor,ChIJj43CbejGhkcRJbfNOvypQkA,8339599,True,mcdonald s,[],McDonald's Piazza Argentina,McDonald's,Via Claudio Monteverdi,Via Claudio Monteverdi,20131,20131,+390229534104,+390229534104,mcdonalds.it,mcdonalds.it,0.9901924846495967,0.4,0.85,MATCH,geo,,1.0,19.615030700806493,0.960769938598387,1.0,1.0,1.0,1.0,0.0,MATCH
ChIJV8Ou2xDEhkcRidx65ZOywSk:12592916,tripadvisor,ChIJV8Ou2xDEhkcRidx65ZOywSk,12592916,True,panino giusto,[],Panino Giusto,Panino Giusto Cherubini,Via Francesco Cherubini,Via Francesco Cherubini,20145,20145,+39024694583,+39024694583,paninogiusto.it/store/milano-cherubini,paninogiusto.it/store/milano-cherubini,0.9937515521828604,0.4,0.85,MATCH,geo,,1.0,12.496895634279175,0.9750062087314416,1.0,1.0,1.0,1.0,0.0,MATCH
ChIJqznqvKnGhkcRvbfb3ce6GlE:25065641,tripadvisor,ChIJqznqvKnGhkcRvbfb3ce6GlE,25065641,True,la piadineria,[],La Piadineria,La Piadineria,Corso di Porta Romana,Porta Romana,20122,20122,+390249416066,+390249416066,lapiadineria.com,lapiadineria.com,0.9961121665041598,0.4,0.85,MATCH,geo,,1.0,7.7756669916804695,0.984448666016639,1.0,1.0,1.0,1.0,0.0,MATCH
ChIJKc7zSsTrhkcR91Lh70FeAn4:32849376,tripadvisor,ChIJKc7zSsTrhkcR91Lh70FeAn4,32849376,True,la piadineria,['chain_website_fast_path_suppressed'],La Piadineria,La Piadineria,Via Triboniano,Via Triboniano CC Merlata Bloom,20151,20151,+390249428855,+390249428855,lapiadineria.com,lapiadineria.com,1.0,0.4,0.85,MATCH,fast_path,phone,1.0,,0.0,1.0,1.0,1.0,1.0,0.0,MATCH
ChIJbcBXbqDHhkcRfvTZw62w2WE:23695772,tripadvisor,ChIJbcBXbqDHhkcRfvTZw62w2WE,23695772,True,poke house,[],Poke House - Meravigli,Poke House - Meravigli,Via Meravigli,Via Meravigli,20121,20121,+390236559231,+390236559231,poke-house.com,poke-house.com/it-it/home,1.0,0.4,0.85,MATCH,fast_path,phone,1.0,,0.0,1.0,1.0,0.0,1.0,0.0,MATCH
ChIJ_8oKaK7GhkcRnrGHAR4a0W8:1467856,tripadvisor,ChIJ_8oKaK7GhkcRnrGHAR4a0W8,1467856,True,cioccolatitaliani,[],Cioccolatitaliani,Antica Focacceria San Francesco,Via San Raffaele,Via San Paolo,20121,20121,+390289093820,+3902875411,cioccolatitaliani.it,anticafocacceria.it,0.3851153053620957,0.4,0.85,NON_MATCH,geo,,0.33333333333333326,136.4360559424752,0.7271278881150496,0.7,0.0,0.0,1.0,0.0,NON_MATCH
ChIJV62XAlHBhkcR6n1oRxsQnV4:33256570,tripadvisor,ChIJV62XAlHBhkcR6n1oRxsQnV4,33256570,True,panino giusto,[],Eggcom,Panino Giusto Carducci Milano,Via Giosuè Carducci,Via Giosuè Carducci,20123,20123,,+390225544426,,paninogiusto.it/store/milano-carducci,0.38592685152300055,0.4,0.85,NON_MATCH,geo,,0.17142857142857137,65.28915409685598,0.869421691806288,1.0,0.0,0.0,1.0,0.0,NON_MATCH
ChIJQykP363GhkcR57Ljx7fpoWw:1541347,tripadvisor,ChIJQykP363GhkcR57Ljx7fpoWw,1541347,True,marchesi 1824,[],Marchesi 1824,Biffi,Galleria Vittorio Emanuele II,Galleria Vittorio Emanuele II,20121,20121,+390294181710,+39028057961,marchesi1824.com/eu/it.html,biffigalleria.it,0.39040838573180353,0.4,0.85,NON_MATCH,geo,,0.11111111111111115,8.072117425281903,0.9838557651494362,1.0,0.0,0.0,1.0,0.0,NON_MATCH
ChIJE73FHk3BhkcRt0O5PWH-OyM:12955646,tripadvisor,ChIJE73FHk3BhkcRt0O5PWH-OyM,12955646,True,burgez,[],Trivè All Day Bar - Marghera,Burgez Go,Via Marghera,Via Marghera,20149,20149,+390236708063,,trivetime.it,burgez.com,0.39282055647596054,0.4,0.85,NON_MATCH,geo,,0.2857142857142857,142.9303156195075,0.7141393687609849,1.0,0.0,0.0,1.0,0.0,NON_MATCH
ChIJ_dnj-rbGhkcRz4ORfs9Xa-s:743441,tripadvisor,ChIJ_dnj-rbGhkcRz4ORfs9Xa-s,743441,True,la piadineria,[],La Piadineria,"ParcoSushi Piazza Cavour, 7 Milano",Via Filippo Turati,Piazza Cavour,20121,20121,+390229005603,+390229001875,lapiadineria.com,facebook.com/parcosushicavour,0.3899694152874585,0.4,0.85,NON_MATCH,geo,,0.34782608695652173,75.74139382901008,0.8485172123419799,0.3870967741935484,0.0,0.0,1.0,0.0,NON_MATCH
ChIJXwEshC7BhkcRxH9CK7X26SU:21048760,tripadvisor,ChIJXwEshC7BhkcRxH9CK7X26SU,21048760,True,rossopomodoro,[],Isola della Birra,Rossopomodoro Isola,Via Medardo Rosso,Via Luigi Porro Lambertenghi,20159,20159,+390249661403,+39022593361,isoladellabirramilano.it/link.html,ristoranti.rossopomodoro.it/isolamilano-a566ab6691c4,0.22626262626262628,0.4,0.85,NON_MATCH,postal_code,,0.45454545454545453,,0.0,0.4444444444444444,0.0,0.0,1.0,0.0,NON_MATCH
ChIJDwxZVa_GhkcRQvhV5yHDxEw:32907059,tripadvisor,ChIJDwxZVa_GhkcRQvhV5yHDxEw,32907059,True,roadhouse,[],Erregiemme,Roadhouse Milano Via Larga,Piazza Santo Stefano,Via Carlo Giuseppe Merlo,20122,20122,+390258307530,,,,0.31423349385073696,0.4,0.85,NON_MATCH,geo,,0.2222222222222223,103.85624462175853,0.792287510756483,0.27272727272727265,0.0,0.0,1.0,0.0,NON_MATCH
ChIJLa7hQ7_GhkcR8l62Wg9zwvE:2048420,tripadvisor,ChIJLa7hQ7_GhkcR8l62Wg9zwvE,2048420,True,12oz,[],12oz,Igiban Milano,Piazza Guglielmo Oberdan,Via Alessandro Tadino,20129,20124,+39022046868,+390229519840,12ozcj.com,igiban.it,0.27146845589986673,0.4,0.85,NON_MATCH,geo,,0.11764705882352942,131.18073525909008,0.7376385294818198,0.4,0.0,0.0,0.0,0.0,NON_MATCH
ChIJnf4t0VHBhkcRQVLhGMfyMOg:15639501,tripadvisor,ChIJnf4t0VHBhkcRQVLhGMfyMOg,15639501,True,autogrill|miscusi,[],Autogrill,Miscusi,Piazzale Luigi Cadorna,Via Giacomo Leopardi,20123,20123,+39800069069,+390250041660,autogrill.com,miscusi.com/accoglienza/ristoranti/milano-cadorna,0.33368884408102395,0.4,0.85,NON_MATCH,geo,,0.25,108.81278802842833,0.7823744239431434,0.38095238095238093,0.0,0.0,1.0,0.0,NON_MATCH
ChIJ87ZTKtvHhkcRynxsoWVuiJ8:27502599,tripadvisor,ChIJ87ZTKtvHhkcRynxsoWVuiJ8,27502599,True,five guys,[],Five Guys,Come 'na Vorta - Pasta E Vino Milano,Via Torino,Via Torino,20123,20123,+3902874009,+390240701724,restaurants.fiveguys.it/via-stampa-13-15-via-torino?y_source=1_MzMzMjI4NTgtNzE1LWxvY2F0aW9uLndlYnNpdGU%3D,pastaevinoroma.it,0.36428394427624167,0.4,0.85,NON_MATCH,geo,,0.1428571428571429,85.71782573323102,0.8285643485335379,1.0,0.0,0.0,1.0,0.0,NON_MATCH
ChIJGQVeqy7HhkcRAktT9kIADko:16882692,tripadvisor,ChIJGQVeqy7HhkcRAktT9kIADko,16882692,True,mcdonald s,[],Hawaii Poke Via Torino 57,McDonald's,Via Torino,Via Torino,20123,20123,+390284341491,+390223369041,hawaiipoke.it,mcdonalds.it,0.3585378037186462,0.4,0.85,NON_MATCH,geo,,0.17142857142857137,120.06724970556468,0.7598655005888706,1.0,0.0,0.0,1.0,0.0,NON_MATCH
ChIJd8UFVWfHhkcRKojBfrpH6jU:10040703,tripadvisor,ChIJd8UFVWfHhkcRKojBfrpH6jU,10040703,True,signorvino,[],Grannus Milano Bakery • Porta Romana,Signorvino - Milano Duomo,,Via Pattari,20122,20122,+390282398731,+390289092539,grannus.it,signorvino.com/it/negozi/milano/via_pattari_2/b002.html,0.1824561403508772,0.4,0.85,NON_MATCH,postal_code,,0.456140350877193,,0.0,0.0,0.0,0.0,1.0,0.0,NON_MATCH
ChIJq5iUn6XGhkcR_NRAwvsny3g:10040703,tripadvisor,ChIJq5iUn6XGhkcR_NRAwvsny3g,10040703,True,signorvino,[],Vecchia Milano,Signorvino - Milano Duomo,Corso Europa,Via Pattari,20122,20122,,+390289092539,,signorvino.com/it/negozi/milano/via_pattari_2/b002.html,0.26608695652173914,0.4,0.85,NON_MATCH,postal_code,,0.6,,0.0,0.26086956521739124,0.0,0.0,1.0,0.0,NON_MATCH
ChIJNVq5aK7GhkcRp0fvoxuKGGE:33746465,tripadvisor,ChIJNVq5aK7GhkcRp0fvoxuKGGE,33746465,True,rossopomodoro,[],Gino's 1928,Rossopomodoro Milano Duomo,Via Giovanni Berchet,Galleria Vittorio Emanuele Ii,20121,20121,+390289094984,+390286331960,ginosmenu.it,ristoranti.rossopomodoro.it/rossopomodoro-milano-duomo-e42e46b04e2f,0.3535675182419905,0.4,0.85,NON_MATCH,geo,,0.32432432432432434,133.9570760367029,0.7320858479265941,0.40816326530612246,0.0,0.0,1.0,0.0,NON_MATCH
ChIJY2dBIHrHhkcRgSpk6v7whLc:13172911,tripadvisor,ChIJY2dBIHrHhkcRgSpk6v7whLc,13172911,True,la piadineria,[],Brolo Milano - Orto con cucina,La Piadineria,Via Melzo,Via Lazzaro Spallanzani,20129,20129,+390289772534,+39022049775,instagram.com/brolo.milano,lapiadineria.com,0.3857694165042987,0.4,0.85,NON_MATCH,geo,,0.3414634146341463,101.63189869871968,0.7967362026025606,0.5,0.0,0.0,1.0,0.0,NON_MATCH
ChIJ_V7O0r3BhkcRk-Ds-5HeuuQ:21353074,tripadvisor,ChIJ_V7O0r3BhkcRk-Ds-5HeuuQ,21353074,True,alice pizza,[],Alice Pizza,Gelateria Naturale Cinquanta,Via Giuseppe Tartini,Piazza Dergano,20158,20158,+390240703328,+393333435769,alicepizza.it,facebook.com/GelateriaNaturaleCinquanta,0.35069487310358216,0.4,0.85,NON_MATCH,geo,,0.25641025641025633,74.32669421515835,0.8513466115696833,0.35294117647058826,0.0,0.0,1.0,0.0,NON_MATCH
ChIJbx4puOfGhkcRGlvltA8ZSRw:20951589,tripadvisor,ChIJbx4puOfGhkcRGlvltA8ZSRw,20951589,True,mcdonald s,[],McDonald's,The Swan,Corso Buenos Aires,Piazzale Loreto,20124,20131,+39026704175,+393486796371,mcdonalds.it,facebook.com/248337671996941,0.3005811992857971,0.4,0.85,NON_MATCH,geo,,0.2222222222222223,125.10022769103227,0.7497995446179355,0.2424242424242425,0.0,0.0,0.0,0.0,NON_MATCH
ChIJlZbzncDGhkcRKKxgzZ10rwU:34060917,tripadvisor,ChIJlZbzncDGhkcRKKxgzZ10rwU,34060917,True,la piadineria,[],La Piadineria,Smashers,Via Lazzaro Spallanzani,Corso Buenos Aires,20129,20124,+39022049775,+390114280376,lapiadineria.com,smashers.it,0.3644363731307384,0.4,0.85,NON_MATCH,geo,,0.2857142857142857,48.47917011482985,0.9030416597703403,0.24390243902439024,0.0,0.0,0.0,0.0,NON_MATCH
ChIJ_SuuMf3DhkcRH8NOUF_8mDI:1081850,tripadvisor,ChIJ_SuuMf3DhkcRH8NOUF_8mDI,1081850,True,spontini,[],Spontini,Old Fox Pub Milano,Viale Papiniano,Piazza Sant'Agostino,20123,20123,+390283660098,+390289402622,spontinimilano.com/pizzerie/MILANO-PAPINIANO,oldfoxpub.it,0.34440291704653314,0.4,0.85,NON_MATCH,geo,,0.2307692307692308,75.80955052231836,0.8483808989553633,0.4,0.0,0.0,1.0,0.0,NON_MATCH
ChIJr_3JavLHhkcRgNWjgKHixNE:34007792,tripadvisor,ChIJr_3JavLHhkcRgNWjgKHixNE,34007792,True,alice pizza,[],Alice Pizza,Bargatto - Un Altro Bar,Corso Buenos Aires,Via Giovanni Pierluigi da Palestrina,20124,20124,+390240703328,+393935043956,alicepizza.it,facebook.com/61573051294046,0.32570451556271296,0.4,0.85,NON_MATCH,geo,,0.25,100.44282072642596,0.7991143585471481,0.25925925925925924,0.0,0.0,1.0,0.0,NON_MATCH
ChIJlcfzeW7BhkcRHqTmRKBxKNc:6017814,tripadvisor,ChIJlcfzeW7BhkcRHqTmRKBxKNc,6017814,True,la piadineria,[],La Piadineria,Mammaoliva,Piazza Virgilio,Via V. Monti,20123,20123,+3902468946,+39027389510,lapiadineria.com,mammaoliva.it,0.3776434142314227,0.4,0.85,NON_MATCH,geo,,0.34782608695652173,84.51250264083349,0.830974994718333,0.3076923076923077,0.0,0.0,1.0,0.0,NON_MATCH
ChIJ8afIWaLGhkcRZIkqEhqb6r4:12179062,tripadvisor,ChIJ8afIWaLGhkcRZIkqEhqb6r4,12179062,True,miscusi,[],Bar New Deal,Miscusi Milano Cinque Giornate,Via Filippo Corridoni,Via Pompeo Litta,20122,20122,+390276022667,+390250041659,,miscusi.com/it/ristoranti/milano-cinque-giornate,0.3247360140922101,0.4,0.85,NON_MATCH,geo,,0.19047619047619052,100.20622149382955,0.799587557012341,0.48648648648648646,0.0,0.0,1.0,0.0,NON_MATCH
ChIJ8U_uucXGhkcREBKJvKkDxTA:33032348,tripadvisor,ChIJ8U_uucXGhkcREBKJvKkDxTA,33032348,True,miscusi,[],miscusi | pasta fresca - Milano Centrale,Lucky Bar S.r.l,Piazza San Camillo de Lellis,Via Alfredo Cappellini,20124,20124,+390250030990,+393276324451,miscusi.com/?utm_source=google&utm_medium=googlemaps&utm_campaign=linkgmb&utm_content=I005,luckybar-milano.it,0.34015310090022643,0.4,0.85,NON_MATCH,geo,,0.3018867924528301,149.20323216181117,0.7015935356763776,0.44,0.0,0.0,1.0,0.0,NON_MATCH
ChIJBck7iNjrhkcR82ha74hfKAY:27117950,tripadvisor,ChIJBck7iNjrhkcR82ha74hfKAY,27117950,True,old wild west,[],Old Wild West - Milano C.C. Merlata Bloom,Calavera Merlata Bloom,,Via Gottlieb Wilhelm Daimler,20151,20151,+390240137951,+393274605756,oldwildwest.it/it/ristoranti/milano-c-c-merlata-bloom?utm_campaign=Brand-Schede_Google&utm_content=paginaristorante&utm_medium=Organic&utm_source=Partoo,calavera.it/ristoranti/83,0.2971428571428571,0.4,0.85,NON_MATCH,postal_code,,0.7428571428571428,,0.0,0.0,0.0,0.0,1.0,0.0,NON_MATCH
ChIJE1EYUA5RgUcRGSdHvAGODc4:10040703,tripadvisor,ChIJE1EYUA5RgUcRGSdHvAGODc4,10040703,True,signorvino,[],Boutique Nespresso Milano San Babila,Signorvino - Milano Duomo,Galleria San Babila,Via Pattari,20122,20122,+39800392029,+390289092539,nespresso.com/it/it,signorvino.com/it/negozi/milano/via_pattari_2/b002.html,0.20551724137931035,0.4,0.85,NON_MATCH,postal_code,,0.41379310344827586,,0.0,0.4,0.0,0.0,1.0,0.0,NON_MATCH
ChIJVR1yUwDHhkcRJFo1zH-9pEk:8730850,tripadvisor,ChIJVR1yUwDHhkcRJFo1zH-9pEk,8730850,True,spontini,[],Planetary Luna,Spontini,Via Antonio da Recanate,Piazza Duca D'Aosta,20124,20124,,+390225061303,,spontinimilano.com/pizzerie/milano-duca-d-aosta,0.37720166071647065,0.4,0.85,NON_MATCH,geo,,0.27272727272727265,59.01659198697213,0.8819668160260558,0.4761904761904762,0.0,0.0,1.0,0.0,NON_MATCH
ChIJBcyKZwkyVUARkVQgzOdz0U4:7061154,tripadvisor,ChIJBcyKZwkyVUARkVQgzOdz0U4,7061154,True,popeyes famous louisiana chicken,[],Popeyes Famous Louisiana Chicken,Il bar di marco,Corso Buenos Aires,Via Tadino,20124,20124,,+393488972980,popeyeschicken.it/it,facebook.com/653646988378855,0.33574226252428213,0.4,0.85,NON_MATCH,geo,,0.2553191489361703,104.19936552894337,0.7916012689421132,0.3571428571428571,0.0,0.0,1.0,0.0,NON_MATCH
ChIJz03C0zXHhkcRZ0I3s13JRp4:34116897,tripadvisor,ChIJz03C0zXHhkcRZ0I3s13JRp4,34116897,True,alice pizza,[],Alice Pizza,Casa Toro,Via Orefici,Via Spadari,20123,20123,+390240703328,,alicepizza.it,instagram.com/casa.toro.milano,0.35093595552371865,0.4,0.85,NON_MATCH,geo,,0.2,67.21899804347187,0.8655620039130563,0.5454545454545454,0.0,0.0,1.0,0.0,NON_MATCH
ChIJt3ZC10jHhkcRfVqb4bmaR9k:24177049,tripadvisor,ChIJt3ZC10jHhkcRfVqb4bmaR9k,24177049,True,i love poke,[],Bicocca Turkish Kebap & Pizza,I Love Poke - Bicocca,Viale Sarca,Bicocca Village,20126,20126,+390284966413,+390284043386,bicocca-pizzalandia.eatbu.com,ilovepoke.it,0.2692307692307693,0.4,0.85,NON_MATCH,postal_code,,0.5384615384615384,,0.0,0.5384615384615384,0.0,0.0,1.0,0.0,NON_MATCH
ChIJkT13RwDHhkcRHe5awZDMqAU:8339599,tripadvisor,ChIJkT13RwDHhkcRHe5awZDMqAU,8339599,True,mcdonald s,[],Via Antonio groschi 2,McDonald's,Via Antonio Stradivari,Via Claudio Monteverdi,20131,20131,,+390229534104,,mcdonalds.it,0.337395138183078,0.4,0.85,NON_MATCH,geo,,0.2580645161290323,140.7522456279789,0.7184955087440421,0.5454545454545454,0.0,0.0,1.0,0.0,NON_MATCH
ChIJH_ZOqqLDhkcR0A8yJiCBjN4:20913692,tripadvisor,ChIJH_ZOqqLDhkcR0A8yJiCBjN4,20913692,True,rossopomodoro,[],Osteria Da Fortunata Milano Navigli,Rossopomodoro Navigli,Via Casale,Via Casale,20144,20144,+390245472283,+390236597898,osteriadafortunata.it,ristoranti.rossopomodoro.it/navigliograndemilano-283a40778d28,0.30000000000000004,0.4,0.85,NON_MATCH,postal_code,,0.5,,0.0,1.0,0.0,0.0,1.0,0.0,NON_MATCH
ChIJB36T8bXBhkcRRJ8xIzmnWNs:33877251,tripadvisor,ChIJB36T8bXBhkcRRJ8xIzmnWNs,33877251,True,mcdonald s,[],McDonald's,Voya Rooftop,Viale Alcide de Gasperi,Viale Achille Papa,20151,20149,+390233009958,+393520617165,mcdonalds.it,voyarooftop.com,0.3471746004959886,0.4,0.85,NON_MATCH,geo,,0.18181818181818188,77.93461275525128,0.8441307744894975,0.6341463414634146,0.0,0.0,0.0,0.0,NON_MATCH
ChIJQxCuPPDFhkcR28kTfWWId3k:4156612,tripadvisor,ChIJQxCuPPDFhkcR28kTfWWId3k,4156612,True,la piadineria,[],La Piadineria,L'Arte del Dolce,Viale Umbria,Viale Umbria,20135,20135,+390254108440,+390255010611,lapiadineria.com,pasticcerialartedeldolcemilano.it/larte-del-dolce-viale-umbria-milano,0.38566110816363314,0.4,0.85,NON_MATCH,geo,,0.2758620689655173,149.36743884514755,0.7012651223097048,1.0,0.0,0.0,1.0,0.0,NON_MATCH
ChIJD73AQr_GhkcRtsYrrIubj4c:2095476,tripadvisor,ChIJD73AQr_GhkcRtsYrrIubj4c,2095476,True,panino giusto,['chain_distance_gt_auto_match_radius'],Venice Ristorante Pizzeria,Panino Giusto Porta Venezia,Corso Buenos Aires,Via Malpighi,20129,,+39022047447,+390229409297,veniceristorantepizzeria.shop,paninogiusto.it/store/milano-porta-venezia-2,0.4009808350031607,0.4,0.85,UNCERTAIN,geo,,0.45283018867924524,100.30248093707488,0.7993950381258502,0.2,0.0,0.0,0.0,0.0,NON_MATCH
ChIJnf4t0VHBhkcRQVLhGMfyMOg:8339927,tripadvisor,ChIJnf4t0VHBhkcRQVLhGMfyMOg,8339927,True,autogrill,[],Autogrill,Bar Tabacchi Cadorna,Piazzale Luigi Cadorna,Piazzale Luigi Cadorna,20123,20123,+39800069069,+390286453070,autogrill.com,,0.42995146315623217,0.4,0.85,UNCERTAIN,geo,,0.2758620689655173,60.786728859949484,0.878426542280101,1.0,0.0,0.0,1.0,0.0,NON_MATCH
ChIJr0ANWgfEhkcR6D6DXT2-8WU:15328313,tripadvisor,ChIJr0ANWgfEhkcR6D6DXT2-8WU,15328313,True,california bakery,['chain_distance_gt_auto_match_radius'],California Bakery,Dazio Art Café,Piazza Sant'Eustorgio,Piazza Ventiquattro Maggio,20122,20123,+390283526866,+39335270558,californiabakery.it,dazioartcafe.it,0.43865574870269664,0.4,0.85,UNCERTAIN,geo,,0.4516129032258065,94.61712304759241,0.8107657539048152,0.5531914893617021,0.0,0.0,0.0,0.0,NON_MATCH
ChIJ_8AaCqzGhkcRt5w7eNyFJeQ:3651711,tripadvisor,ChIJ_8AaCqzGhkcRt5w7eNyFJeQ,3651711,True,la piadineria,['chain_distance_gt_auto_match_radius'],Panarello,La Piadineria,Via Speronari,Via Dell'unione,20123,20122,+390286462264,+390272017209,panarello.com,lapiadineria.com,0.4001289426473943,0.4,0.85,UNCERTAIN,geo,,0.36363636363636365,90.6512056143024,0.8186975887713952,0.5,0.0,0.0,0.0,0.0,NON_MATCH
ChIJA1JcbT_HhkcRjpvqJSvAMS8:25241259,tripadvisor,ChIJA1JcbT_HhkcRjpvqJSvAMS8,25241259,True,panino giusto,['chain_distance_gt_auto_match_radius'],Panino Giusto,Doppio Malto San Babila,Via Agnello,Via Agnello,20121,20121,+390225061444,+393346369490,paninogiusto.it/store/milano-duomo,doppiomalto.com/it,0.4193674340046055,0.4,0.85,UNCERTAIN,geo,,0.33333333333333326,127.93179865745559,0.7441364026850888,1.0,0.0,0.0,1.0,0.0,NON_MATCH
ChIJL5ugUmzFhkcRan2aOjufD7k:30558884,tripadvisor,ChIJL5ugUmzFhkcRan2aOjufD7k,30558884,True,la piadineria,[],Don bistrò Milano,La Piadineria,Via Privata del Don,Via Disciplini,20123,20123,+393471645647,+390238235683,instagram.com/donbistromilano?igshid=NTc4MTIwNjQ2YQ==,lapiadineria.com,0.4101943491628807,0.4,0.85,UNCERTAIN,geo,,0.33333333333333326,43.247665310602166,0.9135046693787957,0.48484848484848486,0.0,0.0,1.0,0.0,NON_MATCH
ChIJDz7TH63DhkcRecoUXC4gwHg:15672205,tripadvisor,ChIJDz7TH63DhkcRecoUXC4gwHg,15672205,True,poke house,[],Poke House - Navigli,Poke House Navigli,Via Pasquale Paoli,Via Pasquale Paoli,20143,20143,+390236505666,+390282788640,poke-house.com,pokehouse.it,0.7434008940151986,0.4,0.85,UNCERTAIN,geo,,1.0,13.19821196960285,0.9736035760607943,1.0,0.0,0.0,1.0,0.0,MATCH
ChIJo9i0JkfBhkcR9-GfYAjH-fE:4889673,tripadvisor,ChIJo9i0JkfBhkcR9-GfYAjH-fE,4889673,True,old wild west,[],Old Wild West - Milano Corso Sempione,Dawat - Indian Restaurant,Corso Sempione,Corso Sempione,20145,20100,+390240137949,+390234537953,oldwildwest.it/it/ristoranti/milano-corso-sempione?utm_campaign=Brand-Schede_Google&utm_content=paginaristorante&utm_medium=Organic&utm_source=Partoo,dawat.it,0.4741865538853123,0.4,0.85,UNCERTAIN,geo,,0.3448275862068965,27.488961194892667,0.9450220776102146,1.0,0.0,0.0,0.0,0.0,NON_MATCH
ChIJJ_S5S0_BhkcRqxcgAT23tQY:25386220,tripadvisor,ChIJJ_S5S0_BhkcRqxcgAT23tQY,25386220,True,poke house,['chain_distance_gt_auto_match_radius'],Ocean Restaurant,Poke House - Imbonati,Via Carlo Imbonati,Via Carlo Imbonati,20159,20159,+393895781539,+393756594014,instagram.com/oceanrestaurant_milano?r=nametag,poke-house.com/it-it/home,0.4161388308153086,0.4,0.85,UNCERTAIN,geo,,0.2857142857142857,96.29376694081134,0.8074124661183774,1.0,0.0,0.0,1.0,0.0,NON_MATCH
ChIJ87ZTKtvHhkcRynxsoWVuiJ8:24141783,tripadvisor,ChIJ87ZTKtvHhkcRynxsoWVuiJ8,24141783,True,five guys|alice pizza,['chain_distance_gt_auto_match_radius'],Five Guys,Alice Pizza,Via Torino,Via Torino,20123,20123,+3902874009,+390240703328,restaurants.fiveguys.it/via-stampa-13-15-via-torino?y_source=1_MzMzMjI4NTgtNzE1LWxvY2F0aW9uLndlYnNpdGU%3D,alicepizza.it,0.40761675092119054,0.4,0.85,UNCERTAIN,geo,,0.3,124.76649815761891,0.7504670036847622,1.0,0.0,0.0,1.0,0.0,NON_MATCH
ChIJ-Xo9HkHHhkcRch0Df6KQQK8:16667533,tripadvisor,ChIJ-Xo9HkHHhkcRch0Df6KQQK8,16667533,True,alice pizza,[],Alice Pizza,Pizza Shambo,Via Melchiorre Gioia,Via Edolo,20125,20125,+390240703328,+390223161598,alicepizza.it,pizzashambo.com,0.5184659242367233,0.4,0.85,UNCERTAIN,geo,,0.625,63.06815152655327,0.8738636969468935,0.5,0.0,0.0,1.0,0.0,NON_MATCH
ChIJwz33FXnFhkcRJPFBe1VY3_k:29616726,tripadvisor,ChIJwz33FXnFhkcRJPFBe1VY3_k,29616726,True,la piadineria,['chain_distance_gt_auto_match_radius'],IPPO Sushi Delivery e Take Away,La Piadineria,Corso Lodi,Corso Lodi,20135,20135,+393931686738,+390249453836,ipposushi.it,lapiadineria.com,0.4255951725367292,0.4,0.85,UNCERTAIN,geo,,0.36363636363636365,139.71874583563263,0.7205625083287348,1.0,0.0,0.0,1.0,0.0,NON_MATCH
ChIJm2gPXPjDhkcRtJONa6bDHTU:15672205,tripadvisor,ChIJm2gPXPjDhkcRtJONa6bDHTU,15672205,True,poke house,['chain_distance_gt_auto_match_radius'],Sphera Locura,Poke House Navigli,Alzaia Naviglio Grande,Via Pasquale Paoli,20144,20143,+393516920238,+390282788640,gruppohdc.com/sphera-locura,pokehouse.it,0.400392364444019,0.4,0.85,UNCERTAIN,geo,,0.3870967741935484,98.89269046680073,0.8022146190663986,0.45,0.0,0.0,0.0,0.0,NON_MATCH
ChIJxVeiwDbBhkcRz4UxEM7gEDk:32987356,tripadvisor,ChIJxVeiwDbBhkcRz4UxEM7gEDk,32987356,True,miscusi,['chain_distance_gt_auto_match_radius'],Cactus Milano,Miscusi | Pasta Fresca - Milano Moscova,Via Varese,Corso Giuseppe Garibaldi,20121,20121,+393470544982,+390250041660,cactusmilano.it,miscusi.com/accoglienza/ristoranti/milano-moscova,0.4940356651756023,0.4,0.85,UNCERTAIN,geo,,0.631578947368421,76.0153569552969,0.8479692860894062,0.2941176470588235,0.0,0.0,1.0,0.0,NON_MATCH
ChIJ46_dSrbHhkcRBEvgKpAj5TI:18971882,tripadvisor,ChIJ46_dSrbHhkcRBEvgKpAj5TI,18971882,True,poke house,[],Dalla Nonna Rina - Cascione Romagnolo,Poke House Brera,Via Broletto,Via Broletto,20121,20121,+393463295292,+390236557740,instagram.com/dalla_nonnarina,poke-house.com/it-it/home,0.437484290513052,0.4,0.85,UNCERTAIN,geo,,0.23529411764705885,13.26671309154317,0.9734665738169137,1.0,0.0,0.0,1.0,0.0,NON_MATCH
ChIJlcfzeW7BhkcRHqTmRKBxKNc:5058892,tripadvisor,ChIJlcfzeW7BhkcRHqTmRKBxKNc,5058892,True,la piadineria,[],La Piadineria,Pescheria Virgilio,Piazza Virgilio,Piazza Virgilio,20123,20123,+3902468946,+390243986466,lapiadineria.com,facebook.com/pescheriavirgilio,0.4829254309420232,0.4,0.85,UNCERTAIN,geo,,0.3870967741935484,43.82655747079228,0.9123468850584154,1.0,0.0,0.0,1.0,0.0,NON_MATCH
ChIJe24LshXDhkcRCzsjG5NyzSM:32871147,tripadvisor,ChIJe24LshXDhkcRCzsjG5NyzSM,32871147,True,la piadineria,[],Sevilla Mia - Solari,La Piadineria,Viale Coni Zugna,Via Andrea Solari,20144,20144,+390289744428,+390249690580,sevillamia.it,lapiadineria.com,0.4188796878572067,0.4,0.85,UNCERTAIN,geo,,0.3870967741935484,44.64531636769811,0.9107093672646038,0.36363636363636365,0.0,0.0,1.0,0.0,NON_MATCH
ChIJYVayTcPBhkcRAyBf-FzsIX0:2420228,tripadvisor,ChIJYVayTcPBhkcRAyBf-FzsIX0,2420228,True,street smash burgers,[],Street Smash Burgers,Osteria la Carbonella,Corso Magenta,Via Terraggio,20123,20123,,+3902861835,streetsmash.com,osterialacarbonella.it,0.40513534011063274,0.4,0.85,UNCERTAIN,geo,,0.3902439024390244,63.46290326841562,0.8730741934631687,0.3076923076923077,0.0,0.0,1.0,0.0,NON_MATCH
ChIJUTw5HRrFhkcRoHGx8jCGWBs:24058948,tripadvisor,ChIJUTw5HRrFhkcRoHGx8jCGWBs,24058948,True,la piadineria|flower burger,[],La piadineria,Flower Burger Santa Giulia,Via Luigi Russolo,Via Russolo,20138,20138,+390249799981,+390249656545,lapiadineria.com,flowerburger.it/negozi/flower-burger-milano-santa-giulia,0.4657286781095741,0.4,0.85,UNCERTAIN,geo,,0.3076923076923077,14.696489934697956,0.9706070201306041,1.0,0.0,0.0,1.0,0.0,NON_MATCH
ChIJofI3RcLBhkcRVA8QYJRLrps:12438161,tripadvisor,ChIJofI3RcLBhkcRVA8QYJRLrps,12438161,True,i love poke,[],I Love Poke - Piombo,Cuore Verde,Via Sebastiano del Piombo,Via Sebastiano Del Piombo,20149,20149,+393272728840,+390223185291,ilovepoke.it,facebook.com/cuoreverdegastronomianaturale,0.45452766402004563,0.4,0.85,UNCERTAIN,geo,,0.2758620689655173,11.634327132322548,0.9767313457353549,1.0,0.0,0.0,1.0,0.0,NON_MATCH
ChIJ_V7O0r3BhkcRk-Ds-5HeuuQ:15862889,tripadvisor,ChIJ_V7O0r3BhkcRk-Ds-5HeuuQ,15862889,True,alice pizza,['chain_distance_gt_auto_match_radius'],Alice Pizza,La Cialdina,Via Giuseppe Tartini,Via Giuseppe Tartini,20158,20158,+390240703328,+390233220225,alicepizza.it,facebook.com/1268821233134992,0.4684551936920017,0.4,0.85,UNCERTAIN,geo,,0.45454545454545453,126.7259762523603,0.7465480474952795,1.0,0.0,0.0,1.0,0.0,NON_MATCH
ChIJ30rN6UjFhkcRTI10LP1fp98:23742375,tripadvisor,ChIJ30rN6UjFhkcRTI10LP1fp98,23742375,True,kfc,['chain_distance_gt_auto_match_radius'],Kfc,Aethos Kitchen,Piazza Ventiquattro Maggio,Piazza Ventiquattro Maggio,20136,20123,+390250042341,+3939289415901,kfc.it,,0.4017776987887721,0.4,0.85,UNCERTAIN,geo,,0.23529411764705885,84.6798965401029,0.8306402069197942,1.0,0.0,0.0,0.0,0.0,NON_MATCH
ChIJm1aD8LvBhkcRSMGhp0amT_I:31601830,tripadvisor,ChIJm1aD8LvBhkcRSMGhp0amT_I,31601830,True,panificio davide longoni,[],Panificio Davide Longoni,Bottega Ibérica,Viale San Michele del Carso,Viale San Michele Del Carso,20144,20125,+390245486928,,davidelongoni.com,bottegaiberica.com,0.45860547954502895,0.4,0.85,UNCERTAIN,geo,,0.3076923076923077,28.942887063788273,0.9421142258724234,1.0,0.0,0.0,0.0,0.0,NON_MATCH
ChIJGb0KbR3EhkcRJIDoVYa8vRk:24959997,tripadvisor,ChIJGb0KbR3EhkcRJIDoVYa8vRk,24959997,True,alice pizza,[],Caffitaly System Shop,Alice Pizza,Viale Umbria,Viale Umbria,20135,20135,+390245497897,+390240703328,caffitaly.com,alicepizza.it,0.43434346724238737,0.4,0.85,UNCERTAIN,geo,,0.25,31.313065515225304,0.9373738689695494,1.0,0.0,0.0,1.0,0.0,NON_MATCH
ChIJicR_cjTBhkcRgap8YZCyGgM:17374494,tripadvisor,ChIJicR_cjTBhkcRgap8YZCyGgM,17374494,True,poke house,['chain_no_geo_evidence'],Poke House - CityLife,Poke House CityLife,Piazza Tre Torri,Piazza Tre Torri,20145,20145,+393756594015,+390243980008,poke-house.com,poke-house.com/it-it/home,0.5,0.4,0.85,UNCERTAIN,postal_code,,1.0,,0.0,1.0,0.0,0.0,1.0,0.0,MATCH
ChIJ-6RtrKvBhkcRDYaKNExtjqQ:25386220,tripadvisor,ChIJ-6RtrKvBhkcRDYaKNExtjqQ,25386220,True,poke house,[],Ristorante arabo Al Andalus,Poke House - Imbonati,Via Carlo Imbonati,Via Carlo Imbonati,20158,20159,+393209565207,+393756594014,instagram.com/ristorante_al_andalus?igsh=MXY2dnp6bjJua2t6Yw%3D%3D&utm_source=qr,poke-house.com/it-it/home,0.4521177140673611,0.4,0.85,UNCERTAIN,geo,,0.34782608695652173,74.0254414304951,0.8519491171390098,1.0,0.0,0.0,0.0,0.0,NON_MATCH
ChIJnd6QVVHBhkcRxOj_BakRiV8:8339709,tripadvisor,ChIJnd6QVVHBhkcRxOj_BakRiV8,8339709,True,alice pizza,['chain_distance_gt_auto_match_radius'],Alice Pizza,Caffé Ambrosiano,Via San Vittore,Via San Vittore,20123,20123,+390240703328,+390243998132,alicepizza.it,,0.4100272204746542,0.4,0.85,UNCERTAIN,geo,,0.29629629629629634,116.98259608772878,0.7660348078245425,1.0,0.0,0.0,1.0,0.0,NON_MATCH
ChIJ9Sugtf3BhkcRbCkjWDB9iv8:7819483,tripadvisor,ChIJ9Sugtf3BhkcRbCkjWDB9iv8,7819483,True,flower burger,[],Flower Burger,La Prosciutteria Milano,Corso Garibaldi,Corso Giuseppe Garibaldi,20121,20121,+390250308479,+390289010390,flowerburger.it,laprosciutteria.com/aperitivo-milano-brera,0.4471741850092755,0.4,0.85,UNCERTAIN,geo,,0.27777777777777773,27.873852203671248,0.9442522955926576,1.0,0.0,0.0,1.0,0.0,NON_MATCH
ChIJqw4p7evBhkcROq395QVD8Ms:4883948,tripadvisor,ChIJqw4p7evBhkcROq395QVD8Ms,4883948,True,panificio davide longoni,[],Panificio Davide Longoni,Sergio ed Efisio Chiosco Bar,Via Giulio Cesare Procaccini,Corso Sempione,20154,20154,+393751337752,+390233610502,davidelongoni.com,,0.4012614981608094,0.4,0.85,UNCERTAIN,geo,,0.34615384615384615,41.066747268124765,0.9178665054637505,0.33333333333333326,0.0,0.0,1.0,0.0,NON_MATCH
ChIJ5bD_mUbBhkcR62EaltQih9g:7039108,tripadvisor,ChIJ5bD_mUbBhkcR62EaltQih9g,7039108,True,california bakery,[],Interiorismo y Arquitectura,California Bakery,Corso Garibaldi,Corso Giuseppe Garibaldi,20121,20121,+543516961772,+390283526850,,californiabakery.it,0.4755520190424126,0.4,0.85,UNCERTAIN,geo,,0.36363636363636365,39.80505282426572,0.9203898943514686,1.0,0.0,0.0,1.0,0.0,NON_MATCH
ChIJa52hoDXBhkcR7TdaLHO70Sc:32987356,tripadvisor,ChIJa52hoDXBhkcR7TdaLHO70Sc,32987356,True,miscusi,[],Cimmino 104,Miscusi | Pasta Fresca - Milano Moscova,Corso Garibaldi,Corso Giuseppe Garibaldi,20121,20121,+390236635099,+390250041660,,miscusi.com/accoglienza/ristoranti/milano-moscova,0.4306054414198305,0.4,0.85,UNCERTAIN,geo,,0.2083333333333333,5.455783827005757,0.9890884323459885,1.0,0.0,0.0,1.0,0.0,NON_MATCH
ChIJvegnVc7FhkcRTdHZYTfwU7A:25397734,tripadvisor,ChIJvegnVc7FhkcRTdHZYTfwU7A,25397734,True,miscusi,['chain_distance_gt_auto_match_radius'],miscusi | pasta fresca - Milano Bocconi,Meat Crew - American Burger,Viale Bligny,Viale Bligny,20136,20136,,+390209945259,miscusi.com/?utm_source=google&utm_medium=googlemaps&utm_campaign=linkgmb&utm_content=I013,meatcrew.it/dove-siamo,0.4277002812342351,0.4,0.85,UNCERTAIN,geo,,0.32258064516129037,102.66395366056214,0.7946720926788757,1.0,0.0,0.0,1.0,0.0,NON_MATCH
ChIJA-cRcm3BhkcRYD4J3Ub2B7w:13289625,tripadvisor,ChIJA-cRcm3BhkcRYD4J3Ub2B7w,13289625,True,panino giusto,[],Panino Giusto,Bomaki City Life,Piazza Tre Torri,Piazza Tre Torri,20145,20145,+390292854337,+3902436254,paninogiusto.it/store/milano-city-life,bomaki.it/ristoranti/milano/bomaki-citylife,0.42967539278651257,0.4,0.85,UNCERTAIN,geo,,0.2758620689655173,61.33886959938868,0.8773222608012227,1.0,0.0,0.0,1.0,0.0,NON_MATCH
ChIJtxbuT0rBhkcRYw-qxbZcSdA:7039108,tripadvisor,ChIJtxbuT0rBhkcRYw-qxbZcSdA,7039108,True,california bakery,['chain_distance_gt_auto_match_radius'],Osteria del Corso,California Bakery,Corso Garibaldi,Corso Giuseppe Garibaldi,20121,20121,+39026597441,+390283526850,osteriadelcorso.com,californiabakery.it,0.4530927871375565,0.4,0.85,UNCERTAIN,geo,,0.411764705882353,123.22619043076946,0.7535476191384611,1.0,0.0,0.0,1.0,0.0,NON_MATCH
ChIJndImMivDhkcR3jowFCRUSds:33397656,tripadvisor,ChIJndImMivDhkcR3jowFCRUSds,33397656,True,spun tiramisu,[],Spun Tiramisu,Saya Pizza,Corso di Porta Ticinese,Via Vetere,20123,20123,,+393932470137,spuntiramisu.com,instagram.com/saya.pizza?igsh=bgf5ewyzdnvnemrk,0.34698350696416685,0.4,0.85,NON_MATCH,geo,,0.34782608695652173,132.77870412173215,0.7344425917565357,0.2424242424242425,0.0,0.0,1.0,0.0,NON_MATCH
ChIJp_AzHKzGhkcRzUHW58BFtFY:1999901,tripadvisor,ChIJp_AzHKzGhkcRzUHW58BFtFY,1999901,True,12oz,[],12oz Coffee Joint,Da Giacomo Arengario,Piazza del Duomo,Via Guglielmo Marconi,20123,20123,+390249635212,+390272093814,12ozcj.com,giacomoarengario.com/index.php,0.3558106557026033,0.4,0.85,NON_MATCH,geo,,0.27027027027027034,91.08139129749628,0.8178372174050075,0.4324324324324324,0.0,0.0,1.0,0.0,NON_MATCH
ChIJZVYKaaLGhkcRHgvV9_OyS3o:23921674,tripadvisor,ChIJZVYKaaLGhkcRHgvV9_OyS3o,23921674,True,miscusi,[],miscusi | pasta fresca - Milano Cinque Giornate,Pacifik Poke Express Porta Vittoria,Via Pompeo Litta,corso di porta vittoria,20122,20122,,,miscusi.com/it/?utm_source=google&utm_medium=googlemaps&utm_campaign=linkgmb&utm_content=I001,,0.3673928803801261,0.4,0.85,NON_MATCH,geo,,0.35,127.2655212910299,0.7454689574179403,0.4102564102564103,0.0,0.0,1.0,0.0,NON_MATCH
ChIJn4yjUQDBhkcRlAxuPOpQ4YU:715993,thefork,ChIJn4yjUQDBhkcRlAxuPOpQ4YU,715993,True,signorvino,['chain_distance_gt_auto_match_radius'],Braceria Campese,Signorvino - Milano Pasubio,Via Nino Bonnet,Viale Pasubio,20154,20154,,,,,0.4480335029280631,0.4,0.85,UNCERTAIN,geo,,0.24390243902439024,141.31102369161712,0.7173779526167657,0.5,0.0,0.0,1.0,0.0,NON_MATCH
ChIJnyEoEKLGhkcRNTceiie2Hs4:14170689,tripadvisor,ChIJnyEoEKLGhkcRNTceiie2Hs4,14170689,True,la piadineria,[],Miba,La Piadineria,Corso di Porta Vittoria,Corso Di Porta Vittoria,20122,20122,+390141271075,+39025465307,miba-srl.it,lapiadineria.com,0.427048439576447,0.4,0.85,UNCERTAIN,geo,,0.23529411764705885,34.13841496475306,0.9317231700704939,1.0,0.0,0.0,1.0,0.0,NON_MATCH
ChIJz8P2sK_GhkcReCR3zaUWmb4:8864373,tripadvisor,ChIJz8P2sK_GhkcReCR3zaUWmb4,8864373,True,signorvino,['chain_distance_gt_auto_match_radius'],Al Panino,Signorvino Milano,Via Agnello,Via Pattari,20121,20122,+390289092509,+390289092539,overplace.com/bar-al-panino,signorvino.com/it/negozi/lombardia/milano/milano_via_pattari%2c2/b102.html?utm_source=listings&utm_medium=organic&utm_campaign=local&utm_term=b102&y_source=1_mtq4njg4otitnzy5lwxvy2f0aw9ulndlynnpdgu%3d,0.42746675240169163,0.4,0.85,UNCERTAIN,geo,,0.4615384615384615,105.2063553364769,0.7895872893270461,0.45454545454545453,0.0,0.0,0.0,0.0,NON_MATCH
ChIJFcFDkz3BhkcR1s9xO55zA9c:16732866,tripadvisor,ChIJFcFDkz3BhkcR1s9xO55zA9c,16732866,True,alice pizza,['chain_distance_gt_auto_match_radius'],Alice Pizza,Il Gelato di Bea,Via Masolino da Panicale,Via Michelino Da Besozzo,20155,20155,+390240703328,+393662902402,alicepizza.it,facebook.com/massimilianobocci.ilgelatodibea?__tn__=%2CdC-R-R&eid=ARADKx8mRsK1RLWzgPliVEcy6KrGS2MxaWx7ptWoo50KEXOSvLM0K7VThDVeEUqrOTDConj90ZR4j3GM&hc_ref=ARRJYDxCaYa4qL8jF9FTAwaUxPkrugC98S30-Ax7EGfsolf4OXYTU1lNlbY8rNyeUcc&fref=nf,0.4038400948288332,0.4,0.85,UNCERTAIN,geo,,0.3703703703703704,105.28277330529657,0.7894344533894069,0.5833333333333334,0.0,0.0,1.0,0.0,NON_MATCH
ChIJh-1EZa7GhkcRSd0CLWysp88:33254900,tripadvisor,ChIJh-1EZa7GhkcRSd0CLWysp88,33254900,True,mcdonald s,['chain_no_geo_evidence'],McDonald's,Mcdonald's Milano Galleria Fontana,Galleria Ciro Fontana,Galleria Ciro Fontana,20121,20121,+390223369687,,mcdonalds.it,,0.5,0.4,0.85,UNCERTAIN,postal_code,,1.0,,0.0,1.0,0.0,0.0,1.0,0.0,MATCH
ChIJxezOIjnBhkcR88UdX6nsNfE:10762588,tripadvisor,ChIJxezOIjnBhkcR88UdX6nsNfE,10762588,True,mcdonald s,[],McDonald's,QQTea Taiwan Bubble Tea,Via Paolo Sarpi,via Paolo Sarpi,20154,,+390233614083,+393669569104,mcdonalds.it,facebook.com/qqteamilan,0.3888969199497858,0.4,0.85,NON_MATCH,geo,,0.12121212121212124,19.175857070125364,0.9616482858597493,1.0,0.0,0.0,0.0,0.0,NON_MATCH
ChIJA1JcbT_HhkcRjpvqJSvAMS8:833443,tripadvisor,ChIJA1JcbT_HhkcRjpvqJSvAMS8,833443,True,panino giusto,[],Panino Giusto,Ristorante Charleston,Via Agnello,Piazza del Liberty,20121,20121,+390225061444,+3902798631,paninogiusto.it/store/milano-duomo,ristorantecharleston.it/index.php?zone=ristorante,0.405213503831104,0.4,0.85,UNCERTAIN,geo,,0.35294117647058826,54.68455420391779,0.8906308915921645,0.41379310344827586,0.0,0.0,1.0,0.0,NON_MATCH
ChIJLSQXhujGhkcR1d6OslbYr4E:8339599,tripadvisor,ChIJLSQXhujGhkcR1d6OslbYr4E,8339599,True,mcdonald s,[],Amarcord,McDonald's,Viale Abruzzi,Via Claudio Monteverdi,20131,20131,+390229406090,+390229534104,ristoranteamarcord.net,mcdonalds.it,0.39733718708978866,0.4,0.85,NON_MATCH,geo,,0.4444444444444444,140.88118137597823,0.7182376372480435,0.4,0.0,0.0,1.0,0.0,NON_MATCH
ChIJr_3JavLHhkcRgNWjgKHixNE:27213059,tripadvisor,ChIJr_3JavLHhkcRgNWjgKHixNE,27213059,True,alice pizza,[],Alice Pizza,Circavinum,Corso Buenos Aires,Viale Andrea Doria,20124,20124,+390240703328,+393200379451,alicepizza.it,circavinum.it,0.333698796072819,0.4,0.85,NON_MATCH,geo,,0.2857142857142857,127.84050309245724,0.7443189938150856,0.33333333333333326,0.0,0.0,1.0,0.0,NON_MATCH
ChIJ614jj6_GhkcRQ1wfsx0YE_4:14180699,tripadvisor,ChIJ614jj6_GhkcRQ1wfsx0YE_4,14180699,True,la piadineria,[],Le Tre Gazzelle,La Piadineria,Corso Vittorio Emanuele II,Galleria De Cristoforis,20122,20122,+390276023826,+390276011751,,lapiadineria.com,0.36573370988313897,0.4,0.85,NON_MATCH,geo,,0.2857142857142857,86.89992717249761,0.8262001456550048,0.4489795918367347,0.0,0.0,1.0,0.0,NON_MATCH
ChIJn29jyvLHhkcROxW1jMJK_j8:10120121,tripadvisor,ChIJn29jyvLHhkcROxW1jMJK_j8,10120121,True,la piadineria,['chain_distance_gt_auto_match_radius'],La Piadineria,Langosteria Café,Galleria de Cristoforis,Galleria del Corso,20122,20122,+390276011751,+390276018167,lapiadineria.com,langosteria.com/en/langosteria-cafe,0.4877711793820824,0.4,0.85,UNCERTAIN,geo,,0.5517241379310345,121.93451255627254,0.756130974887455,0.7804878048780488,0.0,0.0,1.0,0.0,NON_MATCH
ChIJVxv4N2jHhkcRjl0s7kop95k:15218013,tripadvisor,ChIJVxv4N2jHhkcRjl0s7kop95k,15218013,True,la piadineria,['chain_distance_gt_auto_match_radius'],La Piadineria,Piccolo Café & Restaurant,Via San Prospero,Via Rovello,20121,20121,+390289754340,+390272333505,lapiadineria.com,piccolocaferestaurant.it,0.4223087900497502,0.4,0.85,UNCERTAIN,geo,,0.38888888888888884,85.01204953012923,0.8299759009397415,0.5925925925925926,0.0,0.0,1.0,0.0,NON_MATCH
ChIJb_YrH7XDhkcRBwG4f5StKkw:826260,thefork,ChIJb_YrH7XDhkcRBwG4f5StKkw,826260,True,old wild west,['chain_distance_gt_auto_match_radius'],Malaga Sin City,Old Wild West - Milano Cassala,Via Enrico Schievano,Viale Cassala,20143,20143,+393246236216,,malagasincity.it,,0.5094751215975954,0.4,0.85,UNCERTAIN,geo,,0.37209302325581395,128.86821952382164,0.7422635609523567,0.4242424242424242,0.0,0.0,1.0,0.0,NON_MATCH
ChIJ2bmBjS3BhkcRebEidkGCtig:21048760,tripadvisor,ChIJ2bmBjS3BhkcRebEidkGCtig,21048760,True,rossopomodoro,[],The Wall - Milano Isola,Rossopomodoro Isola,Via Carmagnola,Via Luigi Porro Lambertenghi,20159,20159,+390282398682,+39022593361,thewallbeer.com,ristoranti.rossopomodoro.it/isolamilano-a566ab6691c4,0.20476190476190476,0.4,0.85,NON_MATCH,postal_code,,0.41666666666666663,,0.0,0.38095238095238093,0.0,0.0,1.0,0.0,NON_MATCH
ChIJR9oDWALDhkcRLH3ef8I2KBY:21270621,tripadvisor,ChIJR9oDWALDhkcRLH3ef8I2KBY,21270621,True,alice pizza,[],Alice Pizza,Ride Milano,Via Vigevano,Via Valenza,20144,20144,+390240703328,+390236595541,alicepizza.it,ridemilano.com,0.38176046950124193,0.4,0.85,NON_MATCH,geo,,0.27272727272727265,76.4000096141169,0.8471999807717662,0.6086956521739131,0.0,0.0,1.0,0.0,NON_MATCH
ChIJGYriAdPHhkcRMlSP0YYN35c:17465208,tripadvisor,ChIJGYriAdPHhkcRMlSP0YYN35c,17465208,True,kfc,[],Kfc,Ristorante Bar Central Station,Piazza Duca d'Aosta,Piazza Duca d'Aosta,20125,20125,+390266703773,+390267481995,kfc.it,,0.2998171066934963,0.4,0.85,NON_MATCH,geo,,0.06060606060606062,148.85063509785587,0.7022987298042882,1.0,0.0,0.0,1.0,0.0,NON_MATCH
ChIJz2Jm4jTDhkcR3eol5SHhaXU:23357191,tripadvisor,ChIJz2Jm4jTDhkcR3eol5SHhaXU,23357191,True,california bakery,[],California Bakery Garden & Lounge,Cannoleria Gourmet,Corso di Porta Ticinese,Corso di Porta Ticinese,20123,20123,+390249696458,+393287123962,garden.californiabakery.it,facebook.com/lacannoleriagourmet.official,0.5108008219923827,0.4,0.85,UNCERTAIN,geo,,0.4489795918367347,37.58202948462232,0.9248359410307554,1.0,0.0,0.0,1.0,0.0,NON_MATCH
ChIJoVCRCyHBhkcRaK5JLsiVMxs:749344,thefork,ChIJoVCRCyHBhkcRaK5JLsiVMxs,749344,True,alice pizza,['chain_distance_gt_auto_match_radius'],Alice Pizza,Crazy Pizza Milan,Largo la Foppa,Via Varese,20121,20121,,,alicepizza.it,,0.6143828300475201,0.4,0.85,UNCERTAIN,geo,,0.625,122.31024278925695,0.7553795144214861,0.25,0.0,0.0,1.0,0.0,NON_MATCH
ChIJi_q8WQfEhkcRA1dYxFINVZY:10040703,tripadvisor,ChIJi_q8WQfEhkcRA1dYxFINVZY,10040703,True,mcdonald s|signorvino,[],McDonald's Milano XXIV Maggio,Signorvino - Milano Duomo,Piazza Sant'Eustorgio,Via Pattari,20122,20122,+390249708326,+390289092539,mcdonalds.it,signorvino.com/it/negozi/milano/via_pattari_2/b002.html,0.2528846153846154,0.4,0.85,NON_MATCH,postal_code,,0.5384615384615384,,0.0,0.375,0.0,0.0,1.0,0.0,NON_MATCH
ChIJqw4p7evBhkcROq395QVD8Ms:10151938,tripadvisor,ChIJqw4p7evBhkcROq395QVD8Ms,10151938,True,panificio davide longoni,[],Panificio Davide Longoni,Restaurant Haru,Via Giulio Cesare Procaccini,Corso Sempione,20154,20145,+393751337752,+390236643790,davidelongoni.com,harurestaurant.it,0.29446514315677835,0.4,0.85,NON_MATCH,geo,,0.20512820512820512,141.83894445567404,0.716322111088652,0.33333333333333326,0.0,0.0,0.0,0.0,NON_MATCH
ChIJCQs940XDhkcRAFEzupDlxvQ:14091716,tripadvisor,ChIJCQs940XDhkcRAFEzupDlxvQ,14091716,True,i love poke,[],Verde,I Love Poke - Tortona,Via Tortona,Via Tortona,20144,20144,+393758626522,+390291949102,verdetortona.it,ilovepoke.it,0.37749666536842674,0.4,0.85,NON_MATCH,geo,,0.25,145.0066692631465,0.7099866614737069,1.0,0.0,0.0,1.0,0.0,NON_MATCH
ChIJw4WC-KfGhkcRoaHtfoDm0qs:14170689,tripadvisor,ChIJw4WC-KfGhkcRoaHtfoDm0qs,14170689,True,la piadineria,[],Gran Caffè,La Piadineria,Corso di Porta Vittoria,Corso Di Porta Vittoria,20122,20122,+393407760290,+39025465307,,lapiadineria.com,0.46964540247179676,0.4,0.85,UNCERTAIN,geo,,0.34782608695652173,38.97006462162385,0.9220598707567523,1.0,0.0,0.0,1.0,0.0,NON_MATCH
ChIJW2pusaXGhkcRmaxP4Klftvs:32907059,tripadvisor,ChIJW2pusaXGhkcRmaxP4Klftvs,32907059,True,roadhouse,[],Bar,Roadhouse Milano Via Larga,Via Felice Cavallotti,Via Carlo Giuseppe Merlo,20122,20122,+39027602220,,,,0.29193898732146173,0.4,0.85,NON_MATCH,geo,,0.13793103448275856,133.13351960995013,0.7337329607800998,0.5333333333333333,0.0,0.0,1.0,0.0,NON_MATCH
ChIJ03cLgLnHhkcRN6Wz-jHImXY:2204143,tripadvisor,ChIJ03cLgLnHhkcRN6Wz-jHImXY,2204143,True,fratelli la bufala,[],Isola Rooftop Terrace Milano,Fratelli la Bufala San Babila Milano,Piazza Cordusio,Galleria San Carlo,20121,20121,+393498757718,+390276013151,isolarestaurant.com/milan/?l=it,fratellilabufala.com/prenota/milano-san-babila,0.24242424242424243,0.4,0.85,NON_MATCH,postal_code,,0.5,,0.0,0.4242424242424242,0.0,0.0,1.0,0.0,NON_MATCH
ChIJ4XKPaqTGhkcRhYi4CdFPlnM:30558160,tripadvisor,ChIJ4XKPaqTGhkcRhYi4CdFPlnM,30558160,True,la piadineria,[],Ba Ba Reeba,La Piadineria,Via Filippo Corridoni,Via Francesco Sforza,20122,20122,+390276022684,+390249794158,babareeba.it,lapiadineria.com,0.4171354895433877,0.4,0.85,UNCERTAIN,geo,,0.38095238095238093,58.295803723909906,0.8834083925521802,0.4390243902439025,0.0,0.0,1.0,0.0,NON_MATCH
